ticker,fiscal_year,metric_id,status,value,unit,issues,input_metrics,input_provenance,inputs_hash,calculation_version
AAPL,2023,gross_margin,AVAILABLE,0.4413112957720756095333759474,decimal_ratio,,gross_profit;revenue,gross_profit@0000320193-25-000079;revenue@0000320193-25-000079,2d43e0447067c6584c9495765849ffe30dc2b2417ac5a4526d7807f44d77ba20,calc-v1.0
AAPL,2023,operating_margin,AVAILABLE,0.2982141226502472050823799523,decimal_ratio,,operating_income;revenue,operating_income@0000320193-25-000079;revenue@0000320193-25-000079,acdc4e5f787cbfa511c0d7be0f868568d10c033754539276f70f5a2d0a9ff5a2,calc-v1.0
AAPL,2023,net_margin,AVAILABLE,0.2530623426432028386187823682,decimal_ratio,,net_income;revenue,net_income@0000320193-25-000079;revenue@0000320193-25-000079,bc33fce3e07de49aed94a38a12efc24392eeec321c876884a35912754612d406,calc-v1.0
AAPL,2023,ebitda,AVAILABLE,125820000000.0,currency,,operating_income;depreciation_amortization,operating_income@0000320193-25-000079;depreciation_amortization@0000320193-25-000079,af4a43c400a47de502ba1aa59706d2c82db5866c685572706634fdb4c0580612,calc-v1.0
AAPL,2023,ebitda_margin,AVAILABLE,0.3282674772036474164133738602,decimal_ratio,,ebitda;revenue,operating_income@0000320193-25-000079;depreciation_amortization@0000320193-25-000079;revenue@0000320193-25-000079,ace846f4e2fe2c7eb284ef759d6dbd9826ced2659ff14bf6cc029d11d302ef9f,calc-v1.0
AAPL,2023,return_on_assets,AVAILABLE,0.2750983456377647249016543622,decimal_ratio,,net_income;total_assets,net_income@0000320193-25-000079;total_assets@0000320193-24-000123,c401f4516e4c2f2c7c70f1d18533c2f89833aab607cf3709426c72c4dbe4de98,calc-v1.0
AAPL,2023,return_on_equity,AVAILABLE,1.560760145463907572490586683,decimal_ratio,,net_income;shareholders_equity,net_income@0000320193-25-000079;shareholders_equity@0000320193-25-000079,a492a319d18c63ebf5aafb62853e11d82f2fc0cc8ea7d192a012bc67e2a75098,calc-v1.0
AAPL,2023,equity_ratio,AVAILABLE,0.1762592070519565605828982112,decimal_ratio,,shareholders_equity;total_assets,shareholders_equity@0000320193-25-000079;total_assets@0000320193-24-000123,44971dad9db952c45aa00c5d725207c898dca7a4f98f99b35a1edd56027193a0,calc-v1.0
AAPL,2023,debt_to_assets,AVAILABLE,0.2980943494155985966424926897,decimal_ratio,,short_term_debt;long_term_debt;total_assets,short_term_debt@0000320193-24-000123;long_term_debt@0000320193-24-000123;total_assets@0000320193-24-000123,9c297cf581d2ecbfe5bfa988df622c80290ccec7eb7d261ffdb5a4db1ed5ebd6,calc-v1.0
AAPL,2023,debt_to_equity,AVAILABLE,1.691227110353039616387217198,decimal_ratio,,short_term_debt;long_term_debt;shareholders_equity,short_term_debt@0000320193-24-000123;long_term_debt@0000320193-24-000123;shareholders_equity@0000320193-25-000079,332d40e7060300c7674ff609ebc4440df885355d054e686a3f56dd16af1d9833,calc-v1.0
AAPL,2023,net_debt,AVAILABLE,75138000000.0,currency,,short_term_debt;long_term_debt;cash_and_equivalents,short_term_debt@0000320193-24-000123;long_term_debt@0000320193-24-000123;cash_and_equivalents@0000320193-24-000123,401da6576427f2a6d29c94120dd92dd55d813725d6d9d56c7d4eb2df231746e0,calc-v1.0
AAPL,2023,net_debt_to_ebitda,AVAILABLE,0.5971864568431092036242250835,decimal_ratio,,net_debt;ebitda,short_term_debt@0000320193-24-000123;long_term_debt@0000320193-24-000123;cash_and_equivalents@0000320193-24-000123;operating_income@0000320193-25-000079;depreciation_amortization@0000320193-25-000079,023209d9f52694f1bf2779804e6934604822a4fc509eb6d17496949300b0fa5d,calc-v1.0
AAPL,2023,current_ratio,AVAILABLE,0.9880116717592974922234150907,decimal_ratio,,current_assets;current_liabilities,current_assets@0000320193-24-000123;current_liabilities@0000320193-24-000123,1df9bb44f3c5e2ff64ef8412995d5942b47317b41d546db54f3f3586fa18312b,calc-v1.0
AAPL,2023,quick_ratio,AVAILABLE,0.4092892339031574311118451840,decimal_ratio,,cash_and_equivalents;accounts_receivable;current_liabilities,cash_and_equivalents@0000320193-24-000123;accounts_receivable@0000320193-24-000123;current_liabilities@0000320193-24-000123,6d315f7d2c98c4c9a81b52b96a58c721b878ec2fefae50fee1601a63f637615e,calc-v1.0
AAPL,2023,cash_ratio,AVAILABLE,0.2062171387673080628733448950,decimal_ratio,,cash_and_equivalents;current_liabilities,cash_and_equivalents@0000320193-24-000123;current_liabilities@0000320193-24-000123,a2206407606ed8a2fe4b495218ccd8d8b22307967eb5a0b06303811b190d3753,calc-v1.0
AAPL,2023,operating_cash_flow_margin,AVAILABLE,0.2884094081427658269955777033,decimal_ratio,,operating_cash_flow;revenue,operating_cash_flow@0000320193-25-000079;revenue@0000320193-25-000079,037d544db012d83a50347ad16143d3fb689d0ba669f3b008cbb6c1a19a6156ac,calc-v1.0
AAPL,2023,capex_ratio,AVAILABLE,0.09913789204201080122667197380,decimal_ratio,,capital_expenditures;operating_cash_flow,capital_expenditures@0000320193-25-000079;operating_cash_flow@0000320193-25-000079,105fd467cf898055c83d27a97a5d85ba395e847e453bcc38ddc469295874e87d,calc-v1.0
AAPL,2023,free_cash_flow,AVAILABLE,99584000000.0,currency,,operating_cash_flow;capital_expenditures,operating_cash_flow@0000320193-25-000079;capital_expenditures@0000320193-25-000079,105fd467cf898055c83d27a97a5d85ba395e847e453bcc38ddc469295874e87d,calc-v1.0
AAPL,2023,free_cash_flow_margin,AVAILABLE,0.2598171073744080775402115919,decimal_ratio,,free_cash_flow;revenue,operating_cash_flow@0000320193-25-000079;capital_expenditures@0000320193-25-000079;revenue@0000320193-25-000079,95bf1b9dbd079463bbe6c1fd13aa30e026d0a08f71ac2eba42f780e40f1c39d4,calc-v1.0
AAPL,2023,working_capital,AVAILABLE,-1742000000.0,currency,,current_assets;current_liabilities,current_assets@0000320193-24-000123;current_liabilities@0000320193-24-000123,1df9bb44f3c5e2ff64ef8412995d5942b47317b41d546db54f3f3586fa18312b,calc-v1.0
AAPL,2023,working_capital_to_revenue,AVAILABLE,-0.004544920881328515334542181405,decimal_ratio,,working_capital;revenue,current_assets@0000320193-24-000123;current_liabilities@0000320193-24-000123;revenue@0000320193-25-000079,0c109bd336afa7eef33ac248ee3f2b5b6e953c264bb749096969f53d39544465,calc-v1.0
AAPL,2023,receivables_days,AVAILABLE,28.10029090624470041874845089,days,,accounts_receivable;revenue,accounts_receivable@0000320193-24-000123;revenue@0000320193-25-000079,76efd49c22121817d8acf4a817a673bcd03e2743f9e7a94a0797bf3558f82104,calc-v1.0
AAPL,2023,payables_days,AVAILABLE,59.62407868818242300116101595,days,,accounts_payable;revenue,accounts_payable@0000320193-24-000123;revenue@0000320193-25-000079,d5c5526849e395ecb67759080744e9de7d0d02617a14f694f8be7e7bbc75307e,calc-v1.0
AAPL,2023,inventory_intensity,AVAILABLE,0.01795605573723066625447057856,decimal_ratio,,inventory;total_assets,inventory@0000320193-24-000123;total_assets@0000320193-24-000123,18d840c3de0a4ccf8950a5afe97081549449fb74951cabecba60a3df7f11411c,calc-v1.0
AAPL,2023,inventory_days,AVAILABLE,6.028973218362315248444369073,days,,inventory;revenue,inventory@0000320193-24-000123;revenue@0000320193-25-000079,a8c23d4a9ac9a79cf1230ccc1b89ed812f627fb3122f7a023046c5d4aee1ba46,calc-v1.0
AAPL,2024,gross_margin,AVAILABLE,0.4620634981523393046658227524,decimal_ratio,,gross_profit;revenue,gross_profit@0000320193-25-000079;revenue@0000320193-25-000079,cc9c88d99a772ba9b33b1c87429e37c6b476da6867a5273fde59bb99f9889c51,calc-v1.0
AAPL,2024,operating_margin,AVAILABLE,0.3151022287007556868311020753,decimal_ratio,,operating_income;revenue,operating_income@0000320193-25-000079;revenue@0000320193-25-000079,b5d9307e8070139e4fbf73b41ae5c2b07d385b72fb15adc97244644f134b66ea,calc-v1.0
AAPL,2024,net_margin,AVAILABLE,0.2397125576994386691728361911,decimal_ratio,,net_income;revenue,net_income@0000320193-25-000079;revenue@0000320193-25-000079,1a6a586a0b123bbdc2edde06feecca87fb2891ff6a8d54d8ec282d01d62c97a8,calc-v1.0
AAPL,2024,ebitda,AVAILABLE,134661000000.0,currency,,operating_income;depreciation_amortization,operating_income@0000320193-25-000079;depreciation_amortization@0000320193-25-000079,33da7e9682e5ddd23012e1ad96583efc553888e3e2937782e72965b4a5799482,calc-v1.0
AAPL,2024,ebitda_margin,AVAILABLE,0.3443707085043538302198012966,decimal_ratio,,ebitda;revenue,operating_income@0000320193-25-000079;depreciation_amortization@0000320193-25-000079;revenue@0000320193-25-000079,0569a3b449d034515ce8cc27dd73249784d0e33bdfc9031725a325019fa95c4c,calc-v1.0
AAPL,2024,return_on_assets,AVAILABLE,0.2568250315085758123732807277,decimal_ratio,,net_income;total_assets,net_income@0000320193-25-000079;total_assets@0000320193-25-000079,906471f00b22e1e018ec9e72192d7f2aaebae9b9abc4c167f87217c270b0d17d,calc-v1.0
AAPL,2024,return_on_equity,AVAILABLE,1.645935030728709394205443371,decimal_ratio,,net_income;shareholders_equity,net_income@0000320193-25-000079;shareholders_equity@0000320193-25-000079,e70fc09e920aa9d5e79e3ca2f49378aa47a77aa036d98a90ae425be848199da4,calc-v1.0
AAPL,2024,equity_ratio,AVAILABLE,0.1560359471751876815167954408,decimal_ratio,,shareholders_equity;total_assets,shareholders_equity@0000320193-25-000079;total_assets@0000320193-25-000079,627ee5cad9b97488ed91a223ddf5f4e388b43942d9f6e92a701a844cbd5858b2,calc-v1.0
AAPL,2024,debt_to_assets,AVAILABLE,0.2648419091457066140610444408,decimal_ratio,,short_term_debt;long_term_debt;total_assets,short_term_debt@0000320193-25-000079;long_term_debt@0000320193-25-000079;total_assets@0000320193-25-000079,b9ed67939e03b069b98e791c62f84d85c87223e7c93d0c2d79aad8e60e299c1a,calc-v1.0
AAPL,2024,debt_to_equity,AVAILABLE,1.697313432835820895522388060,decimal_ratio,,short_term_debt;long_term_debt;shareholders_equity,short_term_debt@0000320193-25-000079;long_term_debt@0000320193-25-000079;shareholders_equity@0000320193-25-000079,44c252b0718020d18fc2ac7c9ebc1c26d986343cf8bd073cf5f26a61e6735659,calc-v1.0
AAPL,2024,net_debt,AVAILABLE,66719000000.0,currency,,short_term_debt;long_term_debt;cash_and_equivalents,short_term_debt@0000320193-25-000079;long_term_debt@0000320193-25-000079;cash_and_equivalents@0000320193-25-000079,259772daf89d6c4a7a08fdd78b6ad0c53b938e71ab6b84a6c71f04c37750b364,calc-v1.0
AAPL,2024,net_debt_to_ebitda,AVAILABLE,0.4954589673327838052591321912,decimal_ratio,,net_debt;ebitda,short_term_debt@0000320193-25-000079;long_term_debt@0000320193-25-000079;cash_and_equivalents@0000320193-25-000079;operating_income@0000320193-25-000079;depreciation_amortization@0000320193-25-000079,608b8eb50909a5257ead2d087b90a23fc521ef3a92cbba8ebe838a70115547eb,calc-v1.0
AAPL,2024,current_ratio,AVAILABLE,0.8673125765340831783754365277,decimal_ratio,,current_assets;current_liabilities,current_assets@0000320193-25-000079;current_liabilities@0000320193-25-000079,5b3966c742d37411d56467bcf68e8939f38715896dadf6c70a908d275df51670,calc-v1.0
AAPL,2024,quick_ratio,AVAILABLE,0.3591602793777495578030749694,decimal_ratio,,cash_and_equivalents;accounts_receivable;current_liabilities,cash_and_equivalents@0000320193-25-000079;accounts_receivable@0000320193-25-000079;current_liabilities@0000320193-25-000079,f0b0f55193b934b93377d4bd12c8d48fd3a833ce4981cfc4e9fb523794071f70,calc-v1.0
AAPL,2024,cash_ratio,AVAILABLE,0.1697525964896367182185133113,decimal_ratio,,cash_and_equivalents;current_liabilities,cash_and_equivalents@0000320193-25-000079;current_liabilities@0000320193-25-000079,b985423a1de4c8face7944d73b5a540bf533362fe80b22a5ce7250f3c66a6793,calc-v1.0
AAPL,2024,operating_cash_flow_margin,AVAILABLE,0.3024128274962599255821090184,decimal_ratio,,operating_cash_flow;revenue,operating_cash_flow@0000320193-25-000079;revenue@0000320193-25-000079,d89824687b292d6e4b22716f596c75b564d2b01d0d43e41188db63504f14e67d,calc-v1.0
AAPL,2024,capex_ratio,AVAILABLE,0.07988736110406413313714546654,decimal_ratio,,capital_expenditures;operating_cash_flow,capital_expenditures@0000320193-25-000079;operating_cash_flow@0000320193-25-000079,053bb322073724b9caf8d7dc73f13f5cb9fa6dcfd4a3463a875e1ebecb60057b,calc-v1.0
AAPL,2024,free_cash_flow,AVAILABLE,108807000000.0,currency,,operating_cash_flow;capital_expenditures,operating_cash_flow@0000320193-25-000079;capital_expenditures@0000320193-25-000079,053bb322073724b9caf8d7dc73f13f5cb9fa6dcfd4a3463a875e1ebecb60057b,calc-v1.0
AAPL,2024,free_cash_flow_margin,AVAILABLE,0.2782538647435651540143465419,decimal_ratio,,free_cash_flow;revenue,operating_cash_flow@0000320193-25-000079;capital_expenditures@0000320193-25-000079;revenue@0000320193-25-000079,b4451652d9e41a4920f65e7bef4b4ded457c485ea909db2a13f3fafb61bc102c,calc-v1.0
AAPL,2024,working_capital,AVAILABLE,-23405000000.0,currency,,current_assets;current_liabilities,current_assets@0000320193-25-000079;current_liabilities@0000320193-25-000079,5b3966c742d37411d56467bcf68e8939f38715896dadf6c70a908d275df51670,calc-v1.0
AAPL,2024,working_capital_to_revenue,AVAILABLE,-0.05985397726546217090541767361,decimal_ratio,,working_capital;revenue,current_assets@0000320193-25-000079;current_liabilities@0000320193-25-000079;revenue@0000320193-25-000079,7d8f14c5f553670886f234c3cdc66c7adcff78eb073adfc92d4fb120af433e3b,calc-v1.0
AAPL,2024,receivables_days,AVAILABLE,31.18557162402342501310624369,days,,accounts_receivable;revenue,accounts_receivable@0000320193-25-000079;revenue@0000320193-25-000079,3ee631410951b0fe708f837749e02703e2d446053123348497a4d63cc8ea9e29,calc-v1.0
AAPL,2024,payables_days,AVAILABLE,64.36866265168079583668981038,days,,accounts_payable;revenue,accounts_payable@0000320193-25-000079;revenue@0000320193-25-000079,b439e88e192672b53d4d36a2e09200263313269a59523450020d320a72295a1b,calc-v1.0
AAPL,2024,inventory_intensity,AVAILABLE,0.01996273768425667159844375034,decimal_ratio,,inventory;total_assets,inventory@0000320193-25-000079;total_assets@0000320193-25-000079,2b56c7b5657d4a046af41b064b0293437e1bd392ca5a2ad46452952ca709adfe,calc-v1.0
AAPL,2024,inventory_days,AVAILABLE,6.800900175176135128569053921,days,,inventory;revenue,inventory@0000320193-25-000079;revenue@0000320193-25-000079,424be1674c052cb72d236e1526c8357b46da2fbb7ad626da972752b1961868a6,calc-v1.0
AAPL,2025,gross_margin,AVAILABLE,0.4690516410716044992202536999,decimal_ratio,,gross_profit;revenue,gross_profit@0000320193-25-000079;revenue@0000320193-25-000079,ec8d3304d7c6e608e69720d8fd76da3ea7477f3664b5b3c769b4eb722a7b0504,calc-v1.0
AAPL,2025,operating_margin,AVAILABLE,0.3197079976259188150739737746,decimal_ratio,,operating_income;revenue,operating_income@0000320193-25-000079;revenue@0000320193-25-000079,02d02a5a802d2ff190b1ecc328f75360502ae16fe053fa1ab8d0a3179019b7f9,calc-v1.0
AAPL,2025,net_margin,AVAILABLE,0.2691506412181823861438241450,decimal_ratio,,net_income;revenue,net_income@0000320193-25-000079;revenue@0000320193-25-000079,ac721429620a8c7f5c04f985f1bb52dba99b5e0b147fc68d8227340485bfc361,calc-v1.0
AAPL,2025,ebitda,AVAILABLE,144748000000.0,currency,,operating_income;depreciation_amortization,operating_income@0000320193-25-000079;depreciation_amortization@0000320193-25-000079,8d295df7f9110447962275248034561cd1b5139c4919874494010b22f37d1381,calc-v1.0
AAPL,2025,ebitda_margin,AVAILABLE,0.3478173110887372915770579175,decimal_ratio,,ebitda;revenue,operating_income@0000320193-25-000079;depreciation_amortization@0000320193-25-000079;revenue@0000320193-25-000079,d6d104d203e4c86c2371a396742d57a291a75e4c466f0117922076d4df4cccb3,calc-v1.0
AAPL,2025,return_on_assets,AVAILABLE,0.3117962593356548946250567168,decimal_ratio,,net_income;total_assets,net_income@0000320193-25-000079;total_assets@0000320193-25-000079,0ffe1528cde1e6bf7d38b4a4d43be4eb89293533b96f20106fcf51d6a3c04a58,calc-v1.0
AAPL,2025,return_on_equity,AVAILABLE,1.519129833317510476991306471,decimal_ratio,,net_income;shareholders_equity,net_income@0000320193-25-000079;shareholders_equity@0000320193-25-000079,80ab2d1de4d04953852ddb7a75a4d4d5d055a78b6a3630f8bc8f8d3d6b07060b,calc-v1.0
AAPL,2025,equity_ratio,AVAILABLE,0.2052466171734295361609615829,decimal_ratio,,shareholders_equity;total_assets,shareholders_equity@0000320193-25-000079;total_assets@0000320193-25-000079,24c10d9384f1f2ed424e26350f56a2f876aeffa940075d1e49738e943d7c04cf,calc-v1.0
AAPL,2025,debt_to_assets,AVAILABLE,0.2524155093655790959272466116,decimal_ratio,,short_term_debt;long_term_debt;total_assets,short_term_debt@0000320193-25-000079;long_term_debt@0000320193-25-000079;total_assets@0000320193-25-000079,efe27f3bf40633e0b0f96ff82f86e61597bce949432555ceb42fc63bf0e33566,calc-v1.0
AAPL,2025,debt_to_equity,AVAILABLE,1.229815686327695875659474048,decimal_ratio,,short_term_debt;long_term_debt;shareholders_equity,short_term_debt@0000320193-25-000079;long_term_debt@0000320193-25-000079;shareholders_equity@0000320193-25-000079,02ef67f759379ae31f130692c50ce365f0263095d0e1f9f49912ce4e9c5cb311,calc-v1.0
AAPL,2025,net_debt,AVAILABLE,54744000000.0,currency,,short_term_debt;long_term_debt;cash_and_equivalents,short_term_debt@0000320193-25-000079;long_term_debt@0000320193-25-000079;cash_and_equivalents@0000320193-25-000079,a4ea93baa7cb7313f2d15dd6b0a52e57a90cb1332dad9276ba578aa0547a700a,calc-v1.0
AAPL,2025,net_debt_to_ebitda,AVAILABLE,0.3782021167822698759222925360,decimal_ratio,,net_debt;ebitda,short_term_debt@0000320193-25-000079;long_term_debt@0000320193-25-000079;cash_and_equivalents@0000320193-25-000079;operating_income@0000320193-25-000079;depreciation_amortization@0000320193-25-000079,d94d98d2724eca12ff464c87694b677a35db9676f105ef25629d1aada27ecd01,calc-v1.0
AAPL,2025,current_ratio,AVAILABLE,0.8932929222186667954670321377,decimal_ratio,,current_assets;current_liabilities,current_assets@0000320193-25-000079;current_liabilities@0000320193-25-000079,3d393185d00dca5dba94d0d2292d5d137d7950837cea99937cd93a46a0480dc9,calc-v1.0
AAPL,2025,quick_ratio,AVAILABLE,0.4571064595395789435552523380,decimal_ratio,,cash_and_equivalents;accounts_receivable;current_liabilities,cash_and_equivalents@0000320193-25-000079;accounts_receivable@0000320193-25-000079;current_liabilities@0000320193-25-000079,1252b4d56a4d52ff492201dfed53460420dbfbfc498ee7e213c7e29d89e04841,calc-v1.0
AAPL,2025,cash_ratio,AVAILABLE,0.2169521406016989573207913977,decimal_ratio,,cash_and_equivalents;current_liabilities,cash_and_equivalents@0000320193-25-000079;current_liabilities@0000320193-25-000079,ba75a7e10339205fa2b1cdd255b353d19599b6f3fb619f1baee12dd33e3a3c6e,calc-v1.0
AAPL,2025,operating_cash_flow_margin,AVAILABLE,0.2678819014756308255699116448,decimal_ratio,,operating_cash_flow;revenue,operating_cash_flow@0000320193-25-000079;revenue@0000320193-25-000079,964222d08d7f6645dcca22c60f8a19b7f65d61e3a2c978e356346114bbb0cdfe,calc-v1.0
AAPL,2025,capex_ratio,AVAILABLE,0.1140542867906926678746344701,decimal_ratio,,capital_expenditures;operating_cash_flow,capital_expenditures@0000320193-25-000079;operating_cash_flow@0000320193-25-000079,9346da45f2232e4d35e5405fbefd03378659e421a86f6f6287c366d9f3ba31ca,calc-v1.0
AAPL,2025,free_cash_flow,AVAILABLE,98767000000.0,currency,,operating_cash_flow;capital_expenditures,operating_cash_flow@0000320193-25-000079;capital_expenditures@0000320193-25-000079,9346da45f2232e4d35e5405fbefd03378659e421a86f6f6287c366d9f3ba31ca,calc-v1.0
AAPL,2025,free_cash_flow_margin,AVAILABLE,0.2373288222586931500068483111,decimal_ratio,,free_cash_flow;revenue,operating_cash_flow@0000320193-25-000079;capital_expenditures@0000320193-25-000079;revenue@0000320193-25-000079,2a113e104e5361125904c15df3f97d0559d12ac32151ec8808fdf67941ac43c7,calc-v1.0
AAPL,2025,working_capital,AVAILABLE,-17674000000.0,currency,,current_assets;current_liabilities,current_assets@0000320193-25-000079;current_liabilities@0000320193-25-000079,3d393185d00dca5dba94d0d2292d5d137d7950837cea99937cd93a46a0480dc9,calc-v1.0
AAPL,2025,working_capital_to_revenue,AVAILABLE,-0.04246914054897023027145744075,decimal_ratio,,working_capital;revenue,current_assets@0000320193-25-000079;current_liabilities@0000320193-25-000079;revenue@0000320193-25-000079,c1935214656c963cabdce5474b4cd5dd1acb7bfa9c4b5bd2689323b02872ee07,calc-v1.0
AAPL,2025,receivables_days,AVAILABLE,34.88699085209810626175927105,days,,accounts_receivable;revenue,accounts_receivable@0000320193-25-000079;revenue@0000320193-25-000079,d4dcf93e019ebe1c8a480a74bd570baec5e3a17e0de1c6f180602b6cc88c9fc4,calc-v1.0
AAPL,2025,payables_days,AVAILABLE,61.27171935861361348132093108,days,,accounts_payable;revenue,accounts_payable@0000320193-25-000079;revenue@0000320193-25-000079,567dca85fcc839ae8c08b2e75c1e74d7754c3c44f47157fe96896f0f21d7146e,calc-v1.0
AAPL,2025,inventory_intensity,AVAILABLE,0.01591689144613226218610904657,decimal_ratio,,inventory;total_assets,inventory@0000320193-25-000079;total_assets@0000320193-25-000079,1de44ccf3de311e55e625d3c888101d3f73a1b1377a48494e4608bc0a30e0734,calc-v1.0
AAPL,2025,inventory_days,AVAILABLE,5.015054269861904407188564041,days,,inventory;revenue,inventory@0000320193-25-000079;revenue@0000320193-25-000079,1359c8a122aa208306946640e0f01db97806f4611f88c830f6a29f608ec87895,calc-v1.0
ADBE,2023,gross_margin,AVAILABLE,0.8787160595599979391004173322,decimal_ratio,,gross_profit;revenue,gross_profit@0000796343-26-000003;revenue@0000796343-26-000003,cfd2dfb035c728b18178dd821b1897b49ea6c84b453dab431e70ffa21d2db507,calc-v1.0
ADBE,2023,operating_margin,AVAILABLE,0.3426245556185274872481838322,decimal_ratio,,operating_income;revenue,operating_income@0000796343-26-000003;revenue@0000796343-26-000003,f339667662d3b922d0c45a3056b9e80285b088e6c63de3fb00e2a359e2699a84,calc-v1.0
ADBE,2023,net_margin,AVAILABLE,0.2796640733680251429749085476,decimal_ratio,,net_income;revenue,net_income@0000796343-26-000003;revenue@0000796343-26-000003,5c6f104da5583b181602b4fb6d61ff1730d5e293e81de395b8dea8611fb9f544,calc-v1.0
ADBE,2023,ebitda,AVAILABLE,7522000000.0,currency,,operating_income;depreciation_amortization,operating_income@0000796343-26-000003;depreciation_amortization@0000796343-26-000003,7170dd00763d9a22815abe4a5db23b255cb1a913574431f4830cfdd33e313da0,calc-v1.0
ADBE,2023,ebitda_margin,AVAILABLE,0.3875521665206862795610283889,decimal_ratio,,ebitda;revenue,operating_income@0000796343-26-000003;depreciation_amortization@0000796343-26-000003;revenue@0000796343-26-000003,67d9c3f801ba725166035800ee6a513467e3ae626d83ee73fe86746f592b17ad,calc-v1.0
ADBE,2023,return_on_assets,AVAILABLE,0.1822761006078108734342993385,decimal_ratio,,net_income;total_assets,net_income@0000796343-26-000003;total_assets@0000796343-25-000004,2e4ac416380abc392a7711f34b8e47ad122f0bfa1d6d5a3b190aff2f172976c1,calc-v1.0
ADBE,2023,return_on_equity,AVAILABLE,0.3286112120111393631190216733,decimal_ratio,,net_income;shareholders_equity,net_income@0000796343-26-000003;shareholders_equity@0000796343-26-000003,7fb6ca59e1bec40206667f2a0f99648e22843e22c5bce08f568aed78f8b41629,calc-v1.0
ADBE,2023,equity_ratio,AVAILABLE,0.5546861882534672084354746634,decimal_ratio,,shareholders_equity;total_assets,shareholders_equity@0000796343-26-000003;total_assets@0000796343-25-000004,c94183960a1369f9043c483fa5842341953a31153c864906f324ef01a7a269c3,calc-v1.0
ADBE,2023,debt_to_assets,AVAILABLE,0.1220323046442123644178783707,decimal_ratio,,short_term_debt;long_term_debt;total_assets,short_term_debt@0000796343-25-000004;long_term_debt@0000796343-25-000004;total_assets@0000796343-25-000004,1a5d8147bd7def0fb51af2b62cbcb0baeaa32467f534f6d33c6a8b2c1ed3c41b,calc-v1.0
ADBE,2023,debt_to_equity,AVAILABLE,0.2200024216006780481898534932,decimal_ratio,,short_term_debt;long_term_debt;shareholders_equity,short_term_debt@0000796343-25-000004;long_term_debt@0000796343-25-000004;shareholders_equity@0000796343-26-000003,baae69e4b47b2a16a28d88d347913db1d8354506ad4ed0193e64510bcefa4304,calc-v1.0
ADBE,2023,net_debt,AVAILABLE,-3507000000.0,currency,,short_term_debt;long_term_debt;cash_and_equivalents,short_term_debt@0000796343-25-000004;long_term_debt@0000796343-25-000004;cash_and_equivalents@0000796343-25-000004,2660bc7b02d8be17a0f4d83883a0a51a6d5a0a3d8d600d3dc7b3347784192912,calc-v1.0
ADBE,2023,net_debt_to_ebitda,AVAILABLE,-0.4662323850039883009837809093,decimal_ratio,,net_debt;ebitda,short_term_debt@0000796343-25-000004;long_term_debt@0000796343-25-000004;cash_and_equivalents@0000796343-25-000004;operating_income@0000796343-26-000003;depreciation_amortization@0000796343-26-000003,80b91fd673403cfdcc3058f1c9f4f6f3376b8ea365c8631438aec55d0a95419a,calc-v1.0
ADBE,2023,current_ratio,AVAILABLE,1.343352320930796267119137074,decimal_ratio,,current_assets;current_liabilities,current_assets@0000796343-25-000004;current_liabilities@0000796343-25-000004,f027efc60533d3da36aac8e24907cd292737967a380fa8e86617e17e9ce23deb,calc-v1.0
ADBE,2023,quick_ratio,AVAILABLE,1.135013937704520664161919767,decimal_ratio,,cash_and_equivalents;accounts_receivable;current_liabilities,cash_and_equivalents@0000796343-25-000004;accounts_receivable@0000796343-25-000004;current_liabilities@0000796343-25-000004,fb85cdb0dd9246d328bac06e6ee8b16be3a19f627bf2b79cec91775375018bc6,calc-v1.0
ADBE,2023,cash_ratio,AVAILABLE,0.8654708520179372197309417040,decimal_ratio,,cash_and_equivalents;current_liabilities,cash_and_equivalents@0000796343-25-000004;current_liabilities@0000796343-25-000004,4140afd222a84725c17b3ef563a29f2ae2fab4f2a207acf3c112ba1f8850940f,calc-v1.0
ADBE,2023,operating_cash_flow_margin,AVAILABLE,0.3762172188160131897573290741,decimal_ratio,,operating_cash_flow;revenue,operating_cash_flow@0000796343-26-000003;revenue@0000796343-26-000003,d53ba3d64ce6085d137734cade83c6635608d6770de96f277e520b978bca7f8d,calc-v1.0
ADBE,2023,capex_ratio,AVAILABLE,0.04930156121610517666392769104,decimal_ratio,,capital_expenditures;operating_cash_flow,capital_expenditures@0000796343-26-000003;operating_cash_flow@0000796343-26-000003,92aa4ff8f2002adbfaf21a4e04b064a1be4e10ce3ac0ebc1c956a89bcb867d49,calc-v1.0
ADBE,2023,free_cash_flow,AVAILABLE,6942000000.0,currency,,operating_cash_flow;capital_expenditures,operating_cash_flow@0000796343-26-000003;capital_expenditures@0000796343-26-000003,92aa4ff8f2002adbfaf21a4e04b064a1be4e10ce3ac0ebc1c956a89bcb867d49,calc-v1.0
ADBE,2023,free_cash_flow_margin,AVAILABLE,0.3576691225720026791694574682,decimal_ratio,,free_cash_flow;revenue,operating_cash_flow@0000796343-26-000003;capital_expenditures@0000796343-26-000003;revenue@0000796343-26-000003,ec25030b82c46fd52ef46280d53d02169debecb01739ada48bd769614e36b404,calc-v1.0
ADBE,2023,working_capital,AVAILABLE,2833000000.0,currency,,current_assets;current_liabilities,current_assets@0000796343-25-000004;current_liabilities@0000796343-25-000004,f027efc60533d3da36aac8e24907cd292737967a380fa8e86617e17e9ce23deb,calc-v1.0
ADBE,2023,working_capital_to_revenue,AVAILABLE,0.1459632129424493791540007213,decimal_ratio,,working_capital;revenue,current_assets@0000796343-25-000004;current_liabilities@0000796343-25-000004;revenue@0000796343-26-000003,8d657e8ba0ade65a88fc29959452919e0e83403df620768d4788af3bd09bdb00,calc-v1.0
ADBE,2023,receivables_days,AVAILABLE,41.82389613066103354114070792,days,,accounts_receivable;revenue,accounts_receivable@0000796343-25-000004;revenue@0000796343-26-000003,377bfe2d594fbeb30d196ecf39efd0ee3f1bf3712e7b1b692ffa4b1ab9e11d0f,calc-v1.0
ADBE,2023,payables_days,AVAILABLE,5.904992529239012829099902107,days,,accounts_payable;revenue,accounts_payable@0000796343-25-000004;revenue@0000796343-26-000003,0783f4a1b4324fb95f1edb4bdc1df4898ffbbaf2fa261c2a112ce0ca17af9d9b,calc-v1.0
ADBE,2023,inventory_intensity,UNAVAILABLE,,decimal_ratio,NOT_SEPARATELY_REPORTED:inventory,inventory;total_assets,inventory@final_data_gate;total_assets@0000796343-25-000004,62c5b801027f29d9a184b2bdae541b58873a0e9dd412f531f57a26e6a3f276b9,calc-v1.0
ADBE,2023,inventory_days,UNAVAILABLE,,days,NOT_SEPARATELY_REPORTED:inventory,inventory;revenue,inventory@final_data_gate;revenue@0000796343-26-000003,620407731daa8c4f8b5c769414de84f168acc40fce0fb0602fe036e23df4f5c7,calc-v1.0
ADBE,2024,gross_margin,AVAILABLE,0.8903510811439200186003255057,decimal_ratio,,gross_profit;revenue,gross_profit@0000796343-26-000003;revenue@0000796343-26-000003,4b22a0819b6fda6960abd22ba85dc7c0ec736a8d4d78c7a5fb980bc070b8fe87,calc-v1.0
ADBE,2024,operating_margin,AVAILABLE,0.3134619855847477330853289933,decimal_ratio,,operating_income;revenue,operating_income@0000796343-26-000003;revenue@0000796343-26-000003,8f315089efc9fa3b51c64a3453ffa7d530ed8bc7b76bfd41cdb5a729cc37f923,calc-v1.0
ADBE,2024,net_margin,AVAILABLE,0.2585445245291792606370611486,decimal_ratio,,net_income;revenue,net_income@0000796343-26-000003;revenue@0000796343-26-000003,0a1aeb40118e342f7c684269a552f7a033c16e378d7943136cd52047291e4028,calc-v1.0
ADBE,2024,ebitda,AVAILABLE,7598000000.0,currency,,operating_income;depreciation_amortization,operating_income@0000796343-26-000003;depreciation_amortization@0000796343-26-000003,80c768894aa9815028993cfb828b8f950b0a54384cf25e95625cbbce5d89e14b,calc-v1.0
ADBE,2024,ebitda_margin,AVAILABLE,0.3533131829807021622878400372,decimal_ratio,,ebitda;revenue,operating_income@0000796343-26-000003;depreciation_amortization@0000796343-26-000003;revenue@0000796343-26-000003,dbcba95cc635241637773c4f0bf857f6f0c44f6d692001c0446ad0b0a6c054a7,calc-v1.0
ADBE,2024,return_on_assets,AVAILABLE,0.1839232550446576248759510420,decimal_ratio,,net_income;total_assets,net_income@0000796343-26-000003;total_assets@0000796343-26-000003,ff515416dc8601d76cb18eaf63a872882b682e5791b0397a7a36cd1b69896a16,calc-v1.0
ADBE,2024,return_on_equity,AVAILABLE,0.3941864587025877348457993619,decimal_ratio,,net_income;shareholders_equity,net_income@0000796343-26-000003;shareholders_equity@0000796343-26-000003,1df1362009b544e185e424925b657e14b43a31fe4c63254b2e47e97ab077d220,calc-v1.0
ADBE,2024,equity_ratio,AVAILABLE,0.4665894806483625537545484618,decimal_ratio,,shareholders_equity;total_assets,shareholders_equity@0000796343-26-000003;total_assets@0000796343-26-000003,130a2418f5449612203f2ed2c03c648c2e89fbc02d8fe5ea04aa423c917aacd7,calc-v1.0
ADBE,2024,debt_to_assets,AVAILABLE,0.1861726761495203440291101555,decimal_ratio,,short_term_debt;long_term_debt;total_assets,short_term_debt@0000796343-26-000003;long_term_debt@0000796343-26-000003;total_assets@0000796343-26-000003,d1dcea02e6109f011d77ab5ccfe9971df544af9ef9cc05af5a33ad4fb892b148,calc-v1.0
ADBE,2024,debt_to_equity,AVAILABLE,0.3990074441687344913151364764,decimal_ratio,,short_term_debt;long_term_debt;shareholders_equity,short_term_debt@0000796343-26-000003;long_term_debt@0000796343-26-000003;shareholders_equity@0000796343-26-000003,deb5bcd9556534f86ddb67153b9665f511f52d940bc39d6edda378e99a90b52d,calc-v1.0
ADBE,2024,net_debt,AVAILABLE,-1985000000.0,currency,,short_term_debt;long_term_debt;cash_and_equivalents,short_term_debt@0000796343-26-000003;long_term_debt@0000796343-26-000003;cash_and_equivalents@0000796343-26-000003,5dc1150cf2415486fd1c21a0a488665a4698d1ead9d93d085e2cf1c532729110,calc-v1.0
ADBE,2024,net_debt_to_ebitda,AVAILABLE,-0.2612529613056067386154251119,decimal_ratio,,net_debt;ebitda,short_term_debt@0000796343-26-000003;long_term_debt@0000796343-26-000003;cash_and_equivalents@0000796343-26-000003;operating_income@0000796343-26-000003;depreciation_amortization@0000796343-26-000003,8a24754fb2967875ee5de0bda774e25ce20d37bd9c3cd77844aaa827dc681854,calc-v1.0
ADBE,2024,current_ratio,AVAILABLE,1.067579127459366980325064157,decimal_ratio,,current_assets;current_liabilities,current_assets@0000796343-26-000003;current_liabilities@0000796343-26-000003,f68b2f012c741c9fa8eb1429578a2451b16c246c795f9bddb46836a42db6d6ba,calc-v1.0
ADBE,2024,quick_ratio,AVAILABLE,0.9205398726356810189145518487,decimal_ratio,,cash_and_equivalents;accounts_receivable;current_liabilities,cash_and_equivalents@0000796343-26-000003;accounts_receivable@0000796343-26-000003;current_liabilities@0000796343-26-000003,846fba0bd959faeac484b459613cce0ba78f86eccad5cb2ffe13598df399292c,calc-v1.0
ADBE,2024,cash_ratio,AVAILABLE,0.7236004182111966543104267655,decimal_ratio,,cash_and_equivalents;current_liabilities,cash_and_equivalents@0000796343-26-000003;current_liabilities@0000796343-26-000003,a93bec211a1f6db5531dc5f669b3af5a502e504aefd57498f375cdf138b1795b,calc-v1.0
ADBE,2024,operating_cash_flow_margin,AVAILABLE,0.3746105556847244826784468728,decimal_ratio,,operating_cash_flow;revenue,operating_cash_flow@0000796343-26-000003;revenue@0000796343-26-000003,1f067c075a1545490ae26fa95fd7d98ab36d14256798e52c7e75325eff89fad8,calc-v1.0
ADBE,2024,capex_ratio,AVAILABLE,0.02271598808341608738828202582,decimal_ratio,,capital_expenditures;operating_cash_flow,capital_expenditures@0000796343-26-000003;operating_cash_flow@0000796343-26-000003,53bbe9449b32eb8650d2b8b25c7ea19e6c45d753730777e9a694265f8cf9b6b0,calc-v1.0
ADBE,2024,free_cash_flow,AVAILABLE,7873000000.0,currency,,operating_cash_flow;capital_expenditures,operating_cash_flow@0000796343-26-000003;capital_expenditures@0000796343-26-000003,53bbe9449b32eb8650d2b8b25c7ea19e6c45d753730777e9a694265f8cf9b6b0,calc-v1.0
ADBE,2024,free_cash_flow_margin,AVAILABLE,0.3661009067658684026970471983,decimal_ratio,,free_cash_flow;revenue,operating_cash_flow@0000796343-26-000003;capital_expenditures@0000796343-26-000003;revenue@0000796343-26-000003,1aa37a6fc8cbe410cc6c689ab21a8c37d04fd57c1cd0f749ad24715fceaedbf1,calc-v1.0
ADBE,2024,working_capital,AVAILABLE,711000000.0,currency,,current_assets;current_liabilities,current_assets@0000796343-26-000003;current_liabilities@0000796343-26-000003,f68b2f012c741c9fa8eb1429578a2451b16c246c795f9bddb46836a42db6d6ba,calc-v1.0
ADBE,2024,working_capital_to_revenue,AVAILABLE,0.03306207858637526156707742385,decimal_ratio,,working_capital;revenue,current_assets@0000796343-26-000003;current_liabilities@0000796343-26-000003;revenue@0000796343-26-000003,b8a0b4aab909fd1cc740b50be5cbac33172c37c17434790475e27fcce0886f87,calc-v1.0
ADBE,2024,receivables_days,AVAILABLE,35.16763543362008835154615206,days,,accounts_receivable;revenue,accounts_receivable@0000796343-26-000003;revenue@0000796343-26-000003,393148124576e7ad6aed97f693664eb6e2e91da83b4575b334b56b274336bc5a,calc-v1.0
ADBE,2024,payables_days,AVAILABLE,6.127179725645198790978842130,days,,accounts_payable;revenue,accounts_payable@0000796343-26-000003;revenue@0000796343-26-000003,e26e82a8c2c8c52e20f78e097a1360d3af16b61dbb1f21c6936bd5b5c4584f47,calc-v1.0
ADBE,2024,inventory_intensity,UNAVAILABLE,,decimal_ratio,NOT_SEPARATELY_REPORTED:inventory,inventory;total_assets,inventory@final_data_gate;total_assets@0000796343-26-000003,2ff4df78312189ce1012eaeb54148427f5c5546b18e605d3a9187d83d11513a2,calc-v1.0
ADBE,2024,inventory_days,UNAVAILABLE,,days,NOT_SEPARATELY_REPORTED:inventory,inventory;revenue,inventory@final_data_gate;revenue@0000796343-26-000003,8f663b6622397040d441879179e257ccb27ceed085e2ab293a2a9d7bf1fcb780,calc-v1.0
ADBE,2025,gross_margin,AVAILABLE,0.8926753334174765450797256931,decimal_ratio,,gross_profit;revenue,gross_profit@0000796343-26-000003;revenue@0000796343-26-000003,b880ecd69eb4e98690a055798e94194810d15c922fa90e4827a36f4b478c0297,calc-v1.0
ADBE,2025,operating_margin,AVAILABLE,0.3662754007320459421936135302,decimal_ratio,,operating_income;revenue,operating_income@0000796343-26-000003;revenue@0000796343-26-000003,7ab3225c3d6a8429e01b5da7e5e977d89823d9a17ea0aa9d5e12d9cd3a9c79fd,calc-v1.0
ADBE,2025,net_margin,AVAILABLE,0.2999705498758887626740712693,decimal_ratio,,net_income;revenue,net_income@0000796343-26-000003;revenue@0000796343-26-000003,b0ece9874443fbbd4978be5e7a9153eb69f81563481d9517b4edcc51f4fffaba,calc-v1.0
ADBE,2025,ebitda,AVAILABLE,9524000000.0,currency,,operating_income;depreciation_amortization,operating_income@0000796343-26-000003;depreciation_amortization@0000796343-26-000003,5099c64bf9f475ef3028fa9b5617165abd989fce5fa075ac446fa2a92bdeffa1,calc-v1.0
ADBE,2025,ebitda_margin,AVAILABLE,0.4006899743363204173503302621,decimal_ratio,,ebitda;revenue,operating_income@0000796343-26-000003;depreciation_amortization@0000796343-26-000003;revenue@0000796343-26-000003,d7585fe5db36822bf278a9c5543aa1f7d6e9169e1a637dbb3cfbf689e64df1ae,calc-v1.0
ADBE,2025,return_on_assets,AVAILABLE,0.2417276918904258204502305397,decimal_ratio,,net_income;total_assets,net_income@0000796343-26-000003;total_assets@0000796343-26-000003,9f11e8e3672517169e049359b9165d9222ea098322e4ad8bea145d3453832e1f,calc-v1.0
ADBE,2025,return_on_equity,AVAILABLE,0.6134388712036479394304396455,decimal_ratio,,net_income;shareholders_equity,net_income@0000796343-26-000003;shareholders_equity@0000796343-26-000003,e4ebb8b66d2d124da872a495543ba0ec1ce3e99b7a651e4d0ecd08367ddedf35,calc-v1.0
ADBE,2025,equity_ratio,AVAILABLE,0.3940534309736913479793870355,decimal_ratio,,shareholders_equity;total_assets,shareholders_equity@0000796343-26-000003;total_assets@0000796343-26-000003,5d758069aafb12cae06555def82230f500c1e334d1adb17bede818a2dbcd1775,calc-v1.0
ADBE,2025,debt_to_assets,AVAILABLE,0.2105370219690805532953620830,decimal_ratio,,short_term_debt;long_term_debt;total_assets,short_term_debt@0000796343-26-000003;long_term_debt@0000796343-26-000003;total_assets@0000796343-26-000003,4ad526865b49514d469e14f6bbbb6d5bcdd1141cc952e29de78be9c6b8cb267e,calc-v1.0
ADBE,2025,debt_to_equity,AVAILABLE,0.5342854684676933666007054977,decimal_ratio,,short_term_debt;long_term_debt;shareholders_equity,short_term_debt@0000796343-26-000003;long_term_debt@0000796343-26-000003;shareholders_equity@0000796343-26-000003,11301d148c4bbf512dd37ee6501475b7dfbcf0c5972b11d81a2c685cd6f2db73,calc-v1.0
ADBE,2025,net_debt,AVAILABLE,779000000.0,currency,,short_term_debt;long_term_debt;cash_and_equivalents,short_term_debt@0000796343-26-000003;long_term_debt@0000796343-26-000003;cash_and_equivalents@0000796343-26-000003,f59c512f18c0886dc30ad40a8eb54a20ef54981b706b948167d7471f3a3f4be6,calc-v1.0
ADBE,2025,net_debt_to_ebitda,AVAILABLE,0.08179336413271734565308693826,decimal_ratio,,net_debt;ebitda,short_term_debt@0000796343-26-000003;long_term_debt@0000796343-26-000003;cash_and_equivalents@0000796343-26-000003;operating_income@0000796343-26-000003;depreciation_amortization@0000796343-26-000003,bc12945a813e2b2a71fde7735256e9c00907c03ec21f45a067e55b2d8996f666,calc-v1.0
ADBE,2025,current_ratio,AVAILABLE,0.9963725490196078431372549020,decimal_ratio,,current_assets;current_liabilities,current_assets@0000796343-26-000003;current_liabilities@0000796343-26-000003,a400275865764e11ad0807f4098aa09de007b1f2c4934d049f61a5a6ed61f336,calc-v1.0
ADBE,2025,quick_ratio,AVAILABLE,0.7622549019607843137254901961,decimal_ratio,,cash_and_equivalents;accounts_receivable;current_liabilities,cash_and_equivalents@0000796343-26-000003;accounts_receivable@0000796343-26-000003;current_liabilities@0000796343-26-000003,58e7b4c451b5dca4574c03f6737ac3cb1d0f27991631469497a162bddc12e122,calc-v1.0
ADBE,2025,cash_ratio,AVAILABLE,0.5324509803921568627450980392,decimal_ratio,,cash_and_equivalents;current_liabilities,cash_and_equivalents@0000796343-26-000003;current_liabilities@0000796343-26-000003,b20072a08726ff00a62639a4fb9078611408443b3a2a0e00ccd7d368951b2c16,calc-v1.0
ADBE,2025,operating_cash_flow_margin,AVAILABLE,0.4220202785140308805587109260,decimal_ratio,,operating_cash_flow;revenue,operating_cash_flow@0000796343-26-000003;revenue@0000796343-26-000003,c20c92328336ee00e91044c0661c8356c091a21fd9d0bf5522d09143a330cd89,calc-v1.0
ADBE,2025,capex_ratio,AVAILABLE,0.01784468148738909380919150633,decimal_ratio,,capital_expenditures;operating_cash_flow,capital_expenditures@0000796343-26-000003;operating_cash_flow@0000796343-26-000003,3de97e37e495d7450d14407b11076a959dd7def1df2fa072bd26665d835a4dd4,calc-v1.0
ADBE,2025,free_cash_flow,AVAILABLE,9852000000.0,currency,,operating_cash_flow;capital_expenditures,operating_cash_flow@0000796343-26-000003;capital_expenditures@0000796343-26-000003,3de97e37e495d7450d14407b11076a959dd7def1df2fa072bd26665d835a4dd4,calc-v1.0
ADBE,2025,free_cash_flow_margin,AVAILABLE,0.4144894610627287643569355042,decimal_ratio,,free_cash_flow;revenue,operating_cash_flow@0000796343-26-000003;capital_expenditures@0000796343-26-000003;revenue@0000796343-26-000003,afd776d57d4c06ffe963b4867fbd3ef492d50551a1da4e681a7eeaf68621bb69,calc-v1.0
ADBE,2025,working_capital,AVAILABLE,-37000000.0,currency,,current_assets;current_liabilities,current_assets@0000796343-26-000003;current_liabilities@0000796343-26-000003,a400275865764e11ad0807f4098aa09de007b1f2c4934d049f61a5a6ed61f336,calc-v1.0
ADBE,2025,working_capital_to_revenue,AVAILABLE,-0.001556649417308258656232908410,decimal_ratio,,working_capital;revenue,current_assets@0000796343-26-000003;current_liabilities@0000796343-26-000003;revenue@0000796343-26-000003,32c7f7661ab95a88cf9ce9cce7f16bfa717f00d8dc5caf86faeb0d7d0ca4e02a,calc-v1.0
ADBE,2025,receivables_days,AVAILABLE,35.99478312087172367369262485,days,,accounts_receivable;revenue,accounts_receivable@0000796343-26-000003;revenue@0000796343-26-000003,827bf8c292e12881e76eba2cc1d45f2859b983dc15bb0d0538705a140be58880,calc-v1.0
ADBE,2025,payables_days,AVAILABLE,6.403508771929824561403508772,days,,accounts_payable;revenue,accounts_payable@0000796343-26-000003;revenue@0000796343-26-000003,0ce47406a2149346eb28c2112e8bc33362c3348ae9ce1b26739bedeecf984a01,calc-v1.0
ADBE,2025,inventory_intensity,UNAVAILABLE,,decimal_ratio,NOT_SEPARATELY_REPORTED:inventory,inventory;total_assets,inventory@final_data_gate;total_assets@0000796343-26-000003,3de5d5af58d6ea627ac71e7aaebb9c51c6dd659dd20f55a86c09b7553b2ce111,calc-v1.0
ADBE,2025,inventory_days,UNAVAILABLE,,days,NOT_SEPARATELY_REPORTED:inventory,inventory;revenue,inventory@final_data_gate;revenue@0000796343-26-000003,712ed4c40d9d0df091b34533009ae77e16e9c2a4255dd632c0851c7e852d6fe6,calc-v1.0
ASML,2023,gross_margin,AVAILABLE,0.5129488179690476622457680933,decimal_ratio,,gross_profit;revenue,gross_profit@0001628280-26-011378;revenue@0001628280-26-011378,83d6439b0bce0f0ac8c142cb3ed6ffa6b2fb77b8eec546ccc03e642639419a80,calc-v1.0
ASML,2023,operating_margin,AVAILABLE,0.3281129234174574087849483825,decimal_ratio,,operating_income;revenue,operating_income@0001628280-26-011378;revenue@0001628280-26-011378,7241c6b28e2b355bc07ff0a6920683774e4984983156199230a4c571b5176af1,calc-v1.0
ASML,2023,net_margin,AVAILABLE,0.2844494439102273345791679518,decimal_ratio,,net_income;revenue,net_income@0001628280-26-011378;revenue@0001628280-26-011378,b184296acc8d6bac4145a6b091859020d6f971e20c22cc4d61659e02fb5fe989,calc-v1.0
ASML,2023,ebitda,AVAILABLE,9782100000.0,currency,,operating_income;depreciation_amortization,operating_income@0001628280-26-011378;depreciation_amortization@0001628280-26-011378,ad55117a0d7af5722525940e39da6bbd6f9a24b8f26731aefa9778e9093c55d5,calc-v1.0
ASML,2023,ebitda_margin,AVAILABLE,0.3549576355752308725075747954,decimal_ratio,,ebitda;revenue,operating_income@0001628280-26-011378;depreciation_amortization@0001628280-26-011378;revenue@0001628280-26-011378,10313b707227d72face039b80faf570aa58d2dfa3c3374d02e5b84d1a2084396,calc-v1.0
ASML,2023,return_on_assets,AVAILABLE,0.1961834449102171056747794532,decimal_ratio,,net_income;total_assets,net_income@0001628280-26-011378;total_assets@0000937966-25-000009,773a62c973b5147b6f82fdb0721da22676990607264a496ed2bd10aedb6cc60c,calc-v1.0
ASML,2023,return_on_equity,AVAILABLE,0.5827212988017008117510630073,decimal_ratio,,net_income;shareholders_equity,net_income@0001628280-26-011378;shareholders_equity@0001628280-26-011378,0fd3458b62316fed0b902e46ee1b76ace936a02739abbfaa0fe046543acc8efb,calc-v1.0
ASML,2023,equity_ratio,AVAILABLE,0.3366677094412813614465369455,decimal_ratio,,shareholders_equity;total_assets,shareholders_equity@0001628280-26-011378;total_assets@0000937966-25-000009,391807eba7005216be1d93b3ed0a79b307462aeaa09fa1f8831db86932f70813,calc-v1.0
ASML,2023,debt_to_assets,AVAILABLE,0.1159131577300882187324031784,decimal_ratio,,short_term_debt;long_term_debt;total_assets,short_term_debt@0000937966-25-000009;long_term_debt@0000937966-25-000009;total_assets@0000937966-25-000009,a7ea78144c2a81902d40032b23e0a17c47783ef7a991e7261e5798c853810119,calc-v1.0
ASML,2023,debt_to_equity,AVAILABLE,0.3442954417055692664505961761,decimal_ratio,,short_term_debt;long_term_debt;shareholders_equity,short_term_debt@0000937966-25-000009;long_term_debt@0000937966-25-000009;shareholders_equity@0001628280-26-011378,06db67b1ed98339051c607381d3ad73c96c7e1a8da0f9e9d564b02e995f96baa,calc-v1.0
ASML,2023,net_debt,AVAILABLE,-2373100000.0,currency,,short_term_debt;long_term_debt;cash_and_equivalents,short_term_debt@0000937966-25-000009;long_term_debt@0000937966-25-000009;cash_and_equivalents@0000937966-25-000009,d35c574bf6c59b8a39f2db929d73cbf5a15bb579a26dc357ae20ab7571fe2772,calc-v1.0
ASML,2023,net_debt_to_ebitda,AVAILABLE,-0.2425961705564244896290162644,decimal_ratio,,net_debt;ebitda,short_term_debt@0000937966-25-000009;long_term_debt@0000937966-25-000009;cash_and_equivalents@0000937966-25-000009;operating_income@0001628280-26-011378;depreciation_amortization@0001628280-26-011378,0b4e9502b12363458c85c919416ad84c05e94f68a505d32b11822e52e0c86b6e,calc-v1.0
ASML,2023,current_ratio,AVAILABLE,1.498884772069531235598812881,decimal_ratio,,current_assets;current_liabilities,current_assets@0000937966-25-000009;current_liabilities@0000937966-25-000009,58f5075191824094724b834db11bb731189c2e632009dbf4df0f388270182404,calc-v1.0
ASML,2023,quick_ratio,AVAILABLE,0.6967133034710317240870799462,decimal_ratio,,cash_and_equivalents;accounts_receivable;current_liabilities,cash_and_equivalents@0000937966-25-000009;accounts_receivable@0000937966-25-000009;current_liabilities@0000937966-25-000009,9af2b1e878ee2deb1e649d2957dae80d6ad3ad34aee9543a60f5cc1c62039263,calc-v1.0
ASML,2023,cash_ratio,AVAILABLE,0.4304042470828955372449261738,decimal_ratio,,cash_and_equivalents;current_liabilities,cash_and_equivalents@0000937966-25-000009;current_liabilities@0000937966-25-000009,cd40175ec299d8e085d6304e9987fd8fe26a6d32afc90029830637fe0a3a0960,calc-v1.0
ASML,2023,operating_cash_flow_margin,AVAILABLE,0.1975216357929495436979516302,decimal_ratio,,operating_cash_flow;revenue,operating_cash_flow@0001628280-26-011378;revenue@0001628280-26-011378,787036a3ee2864143340f3008da7b57a041e70bc5f1c6afb5531678bfaa21210,calc-v1.0
ASML,2023,capex_ratio,AVAILABLE,0.3960024984384759525296689569,decimal_ratio,,capital_expenditures;operating_cash_flow,capital_expenditures@0001628280-26-011378;operating_cash_flow@0001628280-26-011378,89af9499f45ed2d4d778b13ce271b428d751d98f0e6e89c82c767808584fce13,calc-v1.0
ASML,2023,free_cash_flow,AVAILABLE,3287800000.0,currency,,operating_cash_flow;capital_expenditures,operating_cash_flow@0001628280-26-011378;capital_expenditures@0001628280-26-011378,89af9499f45ed2d4d778b13ce271b428d751d98f0e6e89c82c767808584fce13,calc-v1.0
ASML,2023,free_cash_flow_margin,AVAILABLE,0.1193025745232868262060707223,decimal_ratio,,free_cash_flow;revenue,operating_cash_flow@0001628280-26-011378;capital_expenditures@0001628280-26-011378;revenue@0001628280-26-011378,8734e4d13ac5f1e8a43f5e2cab0f384deefaaa8acb32039498945882be4e3da2,calc-v1.0
ASML,2023,working_capital,AVAILABLE,8119200000.0,currency,,current_assets;current_liabilities,current_assets@0000937966-25-000009;current_liabilities@0000937966-25-000009,58f5075191824094724b834db11bb731189c2e632009dbf4df0f388270182404,calc-v1.0
ASML,2023,working_capital_to_revenue,AVAILABLE,0.2946169058548179327612170474,decimal_ratio,,working_capital;revenue,current_assets@0000937966-25-000009;current_liabilities@0000937966-25-000009;revenue@0001628280-26-011378,48846a83453db33e4d71e4139e7943b688075bfebc3bd8256c4488da71c3fc78,calc-v1.0
ASML,2023,receivables_days,AVAILABLE,57.40321497904457789792622966,days,,accounts_receivable;revenue,accounts_receivable@0000937966-25-000009;revenue@0001628280-26-011378,9c3e77a7179e04eea639026493d7ee53c75ea59be864ed08d7e79bbd1483d30c,calc-v1.0
ASML,2023,payables_days,AVAILABLE,31.08893807718126893698858791,days,,accounts_payable;revenue,accounts_payable@0000937966-25-000009;revenue@0001628280-26-011378,b842dc0e69aa324942e8d6bc91990568f12ee577e437eef512091383a09c197a,calc-v1.0
ASML,2023,inventory_intensity,AVAILABLE,0.2215028467746981167490458612,decimal_ratio,,inventory;total_assets,inventory@0000937966-25-000009;total_assets@0000937966-25-000009,b143edd88309f9126aa4f6b6cd3a319663d4dca1f062f17a90b503b4efd3f37d,calc-v1.0
ASML,2023,inventory_days,AVAILABLE,117.2235607888673186131320645,days,,inventory;revenue,inventory@0000937966-25-000009;revenue@0001628280-26-011378,6fba9559c325500d03fe8c690737967a19cd30df46c3a0cefd6a489e1ca5da96,calc-v1.0
ASML,2024,gross_margin,AVAILABLE,0.5127570065350689419698615499,decimal_ratio,,gross_profit;revenue,gross_profit@0001628280-26-011378;revenue@0001628280-26-011378,1c7a9097a8ff252615b97c5b970496b0b28993e737c3215d6d11ad554bc51d9d,calc-v1.0
ASML,2024,operating_margin,AVAILABLE,0.3192382947255943303765714063,decimal_ratio,,operating_income;revenue,operating_income@0001628280-26-011378;revenue@0001628280-26-011378,c60c77971460e7b0572c6f548227bc2e770d9bf027e00fd36b352c44b9b9b692,calc-v1.0
ASML,2024,net_margin,AVAILABLE,0.2678989063401137179836464057,decimal_ratio,,net_income;revenue,net_income@0001628280-26-011378;revenue@0001628280-26-011378,b59c04a9b77084f39544d2bb9149bb6893ffd0f5dfada5bd8a4b9a23daec0242,calc-v1.0
ASML,2024,ebitda,AVAILABLE,9941200000.0,currency,,operating_income;depreciation_amortization,operating_income@0001628280-26-011378;depreciation_amortization@0001628280-26-011378,8bb3677c20272e23a0d9dc0dfc55934f55eba9dfcf1ea8d723067a14c322b16d,calc-v1.0
ASML,2024,ebitda_margin,AVAILABLE,0.3517402672761818497040289567,decimal_ratio,,ebitda;revenue,operating_income@0001628280-26-011378;depreciation_amortization@0001628280-26-011378;revenue@0001628280-26-011378,0781c4afe01d8bbf541fbcc957118d89409e59807834c4d9af3c23a2afdc80fd,calc-v1.0
ASML,2024,return_on_assets,AVAILABLE,0.1558275845036797997925481996,decimal_ratio,,net_income;total_assets,net_income@0001628280-26-011378;total_assets@0001628280-26-011378,39363d3f79a48c33afc5c641e18321368281b8e26eb5a5198593ce4d45982617,calc-v1.0
ASML,2024,return_on_equity,AVAILABLE,0.4097895739521995150675441635,decimal_ratio,,net_income;shareholders_equity,net_income@0001628280-26-011378;shareholders_equity@0001628280-26-011378,a5ccb91ee8258b24050a2c113e7cf3af05904a1dadad4a961b26e6008348af30,calc-v1.0
ASML,2024,equity_ratio,AVAILABLE,0.3802624429919159655564153646,decimal_ratio,,shareholders_equity;total_assets,shareholders_equity@0001628280-26-011378;total_assets@0001628280-26-011378,111cd1f086fcc4d9aeb7c9c852956e60e7b7ae88ebf6ecd673ef4cd3fc2808ef,calc-v1.0
ASML,2024,debt_to_assets,AVAILABLE,0.09647331939345045030212226485,decimal_ratio,,short_term_debt;long_term_debt;total_assets,short_term_debt@0001628280-26-011378;long_term_debt@0001628280-26-011378;total_assets@0001628280-26-011378,d9bde24e05ac9424edd8937de5cafb8c415874278559782febec43a315e8fac9,calc-v1.0
ASML,2024,debt_to_equity,AVAILABLE,0.2537019397298233460339452719,decimal_ratio,,short_term_debt;long_term_debt;shareholders_equity,short_term_debt@0001628280-26-011378;long_term_debt@0001628280-26-011378;shareholders_equity@0001628280-26-011378,d5ef6b6bd8678f14accdf9dc85749514ca6bba3eeee5fb57655ef63b14e9a77e,calc-v1.0
ASML,2024,net_debt,AVAILABLE,-8048300000.0,currency,,short_term_debt;long_term_debt;cash_and_equivalents,short_term_debt@0001628280-26-011378;long_term_debt@0001628280-26-011378;cash_and_equivalents@0001628280-26-011378,f9f9648ab7b513dde2b04c54f741ee29cf8ab9565778abcd0a720e93f6c86359,calc-v1.0
ASML,2024,net_debt_to_ebitda,AVAILABLE,-0.8095903915020319478533778618,decimal_ratio,,net_debt;ebitda,short_term_debt@0001628280-26-011378;long_term_debt@0001628280-26-011378;cash_and_equivalents@0001628280-26-011378;operating_income@0001628280-26-011378;depreciation_amortization@0001628280-26-011378,bcb87ab6c039c456dc31aea7dc59ded09baa8b78d1f3bb6e535066b4a2c8a54e,calc-v1.0
ASML,2024,current_ratio,AVAILABLE,1.532930368951793889703462102,decimal_ratio,,current_assets;current_liabilities,current_assets@0001628280-26-011378;current_liabilities@0001628280-26-011378,f4adff486d34a3a4cc51f3bdaef53b9c0fba933672dc99e69ad3d172310c7c1a,calc-v1.0
ASML,2024,quick_ratio,AVAILABLE,0.8584637481672102696071097280,decimal_ratio,,cash_and_equivalents;accounts_receivable;current_liabilities,cash_and_equivalents@0001628280-26-011378;accounts_receivable@0001628280-26-011378;current_liabilities@0001628280-26-011378,7e26e7e23efa41db2cc9e8d16890fe8470928e67eedea38c7707e1c01ca4ef3d,calc-v1.0
ASML,2024,cash_ratio,AVAILABLE,0.6351626320356683323857685748,decimal_ratio,,cash_and_equivalents;current_liabilities,cash_and_equivalents@0001628280-26-011378;current_liabilities@0001628280-26-011378,b3b2254dbfa7c203bad94237dda3a60e5a7d4097113ccd0c55c67b4b5658b947,calc-v1.0
ASML,2024,operating_cash_flow_margin,AVAILABLE,0.3950833070916289552735211178,decimal_ratio,,operating_cash_flow;revenue,operating_cash_flow@0001628280-26-011378;revenue@0001628280-26-011378,cf9f8a014bf513c93513eb57ec5aad625bcff4d73a892aa1165dce287daf3010,calc-v1.0
ASML,2024,capex_ratio,AVAILABLE,0.1851301248410381329368988555,decimal_ratio,,capital_expenditures;operating_cash_flow,capital_expenditures@0001628280-26-011378;operating_cash_flow@0001628280-26-011378,4a58ace26233b52e9d4fa773e4cdfc09a76db395e1044b7e7b27f3737384bf02,calc-v1.0
ASML,2024,free_cash_flow,AVAILABLE,9099000000.0,currency,,operating_cash_flow;capital_expenditures,operating_cash_flow@0001628280-26-011378;capital_expenditures@0001628280-26-011378,4a58ace26233b52e9d4fa773e4cdfc09a76db395e1044b7e7b27f3737384bf02,calc-v1.0
ASML,2024,free_cash_flow_margin,AVAILABLE,0.3219414851271454804708646317,decimal_ratio,,free_cash_flow;revenue,operating_cash_flow@0001628280-26-011378;capital_expenditures@0001628280-26-011378;revenue@0001628280-26-011378,87d75658e02fe5be872e64dfc485c7d8e6e4433a0b9f3936e142d8985ee4ad83,calc-v1.0
ASML,2024,working_capital,AVAILABLE,10686000000.0,currency,,current_assets;current_liabilities,current_assets@0001628280-26-011378;current_liabilities@0001628280-26-011378,f4adff486d34a3a4cc51f3bdaef53b9c0fba933672dc99e69ad3d172310c7c1a,calc-v1.0
ASML,2024,working_capital_to_revenue,AVAILABLE,0.3780928354839736898902801906,decimal_ratio,,working_capital;revenue,current_assets@0001628280-26-011378;current_liabilities@0001628280-26-011378;revenue@0001628280-26-011378,56ed03e27bcac9cf6f9418bd619e11a125ff090a4ae3f3c9f86e2697af696de1,calc-v1.0
ASML,2024,receivables_days,AVAILABLE,57.82448014888776452522564917,days,,accounts_receivable;revenue,accounts_receivable@0001628280-26-011378;revenue@0001628280-26-011378,beb32c2726f6bdfcce96aeaeec7c724fc4b9307c1c66502ce7a0dd9de1958ad8,calc-v1.0
ASML,2024,payables_days,AVAILABLE,45.20576444738508787137908707,days,,accounts_payable;revenue,accounts_payable@0001628280-26-011378;revenue@0001628280-26-011378,ebdd2f3f9af22b5a3efb29b86b1056d6264428dc551deb8ff1a31ea6d0480880,calc-v1.0
ASML,2024,inventory_intensity,AVAILABLE,0.2241529051484268238470783871,decimal_ratio,,inventory;total_assets,inventory@0001628280-26-011378;total_assets@0001628280-26-011378,1f3811c53aa555c1518ea35f4a0957c8301257283b6fc656cf2de6bf4f7c3761,calc-v1.0
ASML,2024,inventory_days,AVAILABLE,140.6578058161052121332205825,days,,inventory;revenue,inventory@0001628280-26-011378;revenue@0001628280-26-011378,d2c1e99836242a94fd66c32be1ce66c482e1ec4c5bfd1a0a753727847111d77b,calc-v1.0
ASML,2025,gross_margin,AVAILABLE,0.5282958799778371643815068892,decimal_ratio,,gross_profit;revenue,gross_profit@0001628280-26-011378;revenue@0001628280-26-011378,cd91e6259329c600b95a3c11ae80ddcfc60050eaa8680c0858e94441033e99b3,calc-v1.0
ASML,2025,operating_margin,AVAILABLE,0.3459545172083398383092572695,decimal_ratio,,operating_income;revenue,operating_income@0001628280-26-011378;revenue@0001628280-26-011378,398d31ad29b1d91b75809802985d937b08accfcda174ac9484299ef6ab34af05,calc-v1.0
ASML,2025,net_margin,AVAILABLE,0.2941596030281045571565449241,decimal_ratio,,net_income;revenue,net_income@0001628280-26-011378;revenue@0001628280-26-011378,a332d5f9e178121752ab176b98c00c184b49291cb70f08d0f345b2bc7fb0b8cd,calc-v1.0
ASML,2025,ebitda,AVAILABLE,12327300000.0,currency,,operating_income;depreciation_amortization,operating_income@0001628280-26-011378;depreciation_amortization@0001628280-26-011378,73847a27d329de9a1cbdad9f04496d7bd54f14a94d72c54da786c23f022b2f32,calc-v1.0
ASML,2025,ebitda_margin,AVAILABLE,0.3773590103865333223131388269,decimal_ratio,,ebitda;revenue,operating_income@0001628280-26-011378;depreciation_amortization@0001628280-26-011378;revenue@0001628280-26-011378,46a7184d999e981bb036b6c26b7cee730d861f5d295279bdd77e3daaf0da71c4,calc-v1.0
ASML,2025,return_on_assets,AVAILABLE,0.1900345287205388537097609885,decimal_ratio,,net_income;total_assets,net_income@0001628280-26-011378;total_assets@0001628280-26-011378,88e03c0b947af30240eaf28b4e5a34272697c0ca3339c6e336cf7709ddca115c,calc-v1.0
ASML,2025,return_on_equity,AVAILABLE,0.4899705285485565107433128359,decimal_ratio,,net_income;shareholders_equity,net_income@0001628280-26-011378;shareholders_equity@0001628280-26-011378,8f752477bdea1520bbe0870505c719e1ce5d3205053cd9e1c5d3ed2d5f5ffb60,calc-v1.0
ASML,2025,equity_ratio,AVAILABLE,0.3878488963070485261022097590,decimal_ratio,,shareholders_equity;total_assets,shareholders_equity@0001628280-26-011378;total_assets@0001628280-26-011378,6e7f3a925896dfe859498d12446441ab8154631d092d86bd96febf38e517b175,calc-v1.0
ASML,2025,debt_to_assets,AVAILABLE,0.08683399714436011121965882618,decimal_ratio,,short_term_debt;long_term_debt;total_assets,short_term_debt@0001628280-26-011378;long_term_debt@0001628280-26-011378;total_assets@0001628280-26-011378,e74037f54d5732b3cd046dec790ebde706c8ebaefac4a62bc941efb78f95f496,calc-v1.0
ASML,2025,debt_to_equity,AVAILABLE,0.2238861524969151854457939446,decimal_ratio,,short_term_debt;long_term_debt;shareholders_equity,short_term_debt@0001628280-26-011378;long_term_debt@0001628280-26-011378;shareholders_equity@0001628280-26-011378,787e8b4235de85e4d87479b24305e5f5a4ecac6a08047751d10f6f924d40dd5e,calc-v1.0
ASML,2025,net_debt,AVAILABLE,-8525100000.0,currency,,short_term_debt;long_term_debt;cash_and_equivalents,short_term_debt@0001628280-26-011378;long_term_debt@0001628280-26-011378;cash_and_equivalents@0001628280-26-011378,88f571295b37c48e320c153e6f9407dd8291da903d78c9c96ec62b2f45060fb9,calc-v1.0
ASML,2025,net_debt_to_ebitda,AVAILABLE,-0.6915626292862183933221386678,decimal_ratio,,net_debt;ebitda,short_term_debt@0001628280-26-011378;long_term_debt@0001628280-26-011378;cash_and_equivalents@0001628280-26-011378;operating_income@0001628280-26-011378;depreciation_amortization@0001628280-26-011378,8836e97c9d45f2d90a841261d1300ffee3f444fedda880c57cbfa197ac35c6af,calc-v1.0
ASML,2025,current_ratio,AVAILABLE,1.261796331175120240357073677,decimal_ratio,,current_assets;current_liabilities,current_assets@0001628280-26-011378;current_liabilities@0001628280-26-011378,fec79253a5183466981f2d92400820a9f8f5dfd6a37ebc84b0356076508cdea0,calc-v1.0
ASML,2025,quick_ratio,AVAILABLE,0.6569018171027740800118694851,decimal_ratio,,cash_and_equivalents;accounts_receivable;current_liabilities,cash_and_equivalents@0001628280-26-011378;accounts_receivable@0001628280-26-011378;current_liabilities@0001628280-26-011378,25a27c2b4c884fe95adbc3045890b9d2034a5d86154e6878d8efefadb03ae19b,calc-v1.0
ASML,2025,cash_ratio,AVAILABLE,0.5323134368341445521948244099,decimal_ratio,,cash_and_equivalents;current_liabilities,cash_and_equivalents@0001628280-26-011378;current_liabilities@0001628280-26-011378,a6a3161c45e773ed4e54dbdf99de081febc9724666abd6282e79b9cf2f7383f8,calc-v1.0
ASML,2025,operating_cash_flow_margin,AVAILABLE,0.3874975893324517177728186902,decimal_ratio,,operating_cash_flow;revenue,operating_cash_flow@0001628280-26-011378;revenue@0001628280-26-011378,544209f39b47d8715210d154b63076e9840e3bf0c66f9a2a129670edec02ab79,calc-v1.0
ASML,2025,capex_ratio,AVAILABLE,0.1243117272978630959434372161,decimal_ratio,,capital_expenditures;operating_cash_flow,capital_expenditures@0001628280-26-011378;operating_cash_flow@0001628280-26-011378,95ff647b370a70e0e7baf5bd9bcd143960c1b887ad40a7d5238fdc96f60322f5,calc-v1.0
ASML,2025,free_cash_flow,AVAILABLE,11084900000.0,currency,,operating_cash_flow;capital_expenditures,operating_cash_flow@0001628280-26-011378;capital_expenditures@0001628280-26-011378,95ff647b370a70e0e7baf5bd9bcd143960c1b887ad40a7d5238fdc96f60322f5,calc-v1.0
ASML,2025,free_cash_flow_margin,AVAILABLE,0.3393270946787766359631803057,decimal_ratio,,free_cash_flow;revenue,operating_cash_flow@0001628280-26-011378;capital_expenditures@0001628280-26-011378;revenue@0001628280-26-011378,12b621bf1c6407d102abe23e74fe557f594b7a290c061e7001647d6bb01fae6b,calc-v1.0
ASML,2025,working_capital,AVAILABLE,6352200000.0,currency,,current_assets;current_liabilities,current_assets@0001628280-26-011378;current_liabilities@0001628280-26-011378,fec79253a5183466981f2d92400820a9f8f5dfd6a37ebc84b0356076508cdea0,calc-v1.0
ASML,2025,working_capital_to_revenue,AVAILABLE,0.1944513320660109650935339009,decimal_ratio,,working_capital;revenue,current_assets@0001628280-26-011378;current_liabilities@0001628280-26-011378;revenue@0001628280-26-011378,31319df5aba2981c33a3e90e872270a6fc77a6cf7eeca64f3bd51edcfd2cc363,calc-v1.0
ASML,2025,receivables_days,AVAILABLE,33.77674310396022934249233943,days,,accounts_receivable;revenue,accounts_receivable@0001628280-26-011378;revenue@0001628280-26-011378,0b201b61e1a5a1c3d86b108af88a526ce94f231743ac2eca25d39ba921c629a5,calc-v1.0
ASML,2025,payables_days,AVAILABLE,39.34996158237748451815730103,days,,accounts_payable;revenue,accounts_payable@0001628280-26-011378;revenue@0001628280-26-011378,33253355e195021998be557c1880c743c623f472215092f55f9f3d5d55b3f48c,calc-v1.0
ASML,2025,inventory_intensity,AVAILABLE,0.2260246882329442754703697698,decimal_ratio,,inventory;total_assets,inventory@0001628280-26-011378;total_assets@0001628280-26-011378,7fd6460cf3fbab4bfc4bd7c1b4ebded532656f7ccc3619f5e533fecd762f5f08,calc-v1.0
ASML,2025,inventory_days,AVAILABLE,127.7024578094914486351795220,days,,inventory;revenue,inventory@0001628280-26-011378;revenue@0001628280-26-011378,0544848fd5c94b13e91edfacdddde76d73bc6f30209fc6a2e33be0156880e6ce,calc-v1.0
MSFT,2024,gross_margin,AVAILABLE,0.6976444382797137751813382724,decimal_ratio,,gross_profit;revenue,gross_profit@0001193125-26-323660;revenue@0001193125-26-323660,afa90d09920b389d819ec34086bea56a6b2547dc37c10e5bd28a64b6a46ff551,calc-v1.0
MSFT,2024,operating_margin,AVAILABLE,0.4464429957327371676144940071,decimal_ratio,,operating_income;revenue,operating_income@0001193125-26-323660;revenue@0001193125-26-323660,ac970a42f5d359e745dcbc2a296a80cfb9c83541f18352976bbdc62013896e8a,calc-v1.0
MSFT,2024,net_margin,AVAILABLE,0.3595597294408498625174402950,decimal_ratio,,net_income;revenue,net_income@0001193125-26-323660;revenue@0001193125-26-323660,ec7e2b1e6ee4a2594166c403284261585f0118364bde72e41d06487503aaf682,calc-v1.0
MSFT,2024,ebitda,AVAILABLE,129433000000.0,currency,,operating_income;depreciation_amortization,operating_income@0001193125-26-323660;depreciation_amortization@0001193125-26-323660,3d60251ce4cc6bffe3c8f87192bf88b8e004745cd5ce7e46c7014aa7a1b357e3,calc-v1.0
MSFT,2024,ebitda_margin,AVAILABLE,0.5280350192965135728331198342,decimal_ratio,,ebitda;revenue,operating_income@0001193125-26-323660;depreciation_amortization@0001193125-26-323660;revenue@0001193125-26-323660,f45fc0a8942f82835de78735a79e53815101bf60509b05f908125f0c551e473a,calc-v1.0
MSFT,2024,return_on_assets,AVAILABLE,0.1720858398595759553111021296,decimal_ratio,,net_income;total_assets,net_income@0001193125-26-323660;total_assets@0000950170-25-100235,eab08072d1f17bca7f92cf5c3a477ac7854021162a6ffef08c62f1fc25ef7180,calc-v1.0
MSFT,2024,return_on_equity,AVAILABLE,0.3282813797829981711655002104,decimal_ratio,,net_income;shareholders_equity,net_income@0001193125-26-323660;shareholders_equity@0001193125-26-323660,05be5bb89ae8d776e58402875022cd339cde54d8cfa725cad332b97885a23242,calc-v1.0
MSFT,2024,equity_ratio,AVAILABLE,0.5242022559224309448359213766,decimal_ratio,,shareholders_equity;total_assets,shareholders_equity@0001193125-26-323660;total_assets@0000950170-25-100235,dd37c64e2b9b416aa14afedcc67949c79e370bf8a62a7f159d76d677f6bc03c0,calc-v1.0
MSFT,2024,debt_to_assets,AVAILABLE,0.08773964538633208568365930378,decimal_ratio,,short_term_debt;long_term_debt;total_assets,short_term_debt@0000950170-25-100235;long_term_debt@0000950170-25-100235;total_assets@0000950170-25-100235,ade3d29a16b521979cdd5ed67228e7622c1564502743929ba16ed964a834824a,calc-v1.0
MSFT,2024,debt_to_equity,AVAILABLE,0.1673774662261571754749941336,decimal_ratio,,short_term_debt;long_term_debt;shareholders_equity,short_term_debt@0000950170-25-100235;long_term_debt@0000950170-25-100235;shareholders_equity@0001193125-26-323660,85ad0b31e70465a533b72f318c93dfd0dcf8df54c7a5f646bbbb030d8cc43ae7,calc-v1.0
MSFT,2024,net_debt,AVAILABLE,26622000000.0,currency,,short_term_debt;long_term_debt;cash_and_equivalents,short_term_debt@0000950170-25-100235;long_term_debt@0000950170-25-100235;cash_and_equivalents@0000950170-25-100235,4483be1bfb1c22a1d6c5a22c8785bad863dbe82b93b206fbdd5eb04177ac3a4b,calc-v1.0
MSFT,2024,net_debt_to_ebitda,AVAILABLE,0.2056817040476539985938670973,decimal_ratio,,net_debt;ebitda,short_term_debt@0000950170-25-100235;long_term_debt@0000950170-25-100235;cash_and_equivalents@0000950170-25-100235;operating_income@0001193125-26-323660;depreciation_amortization@0001193125-26-323660,aafc3590fcdd8d398b53bbc61345191a4816492f04ba4e02a70285ba44fa8b31,calc-v1.0
MSFT,2024,current_ratio,AVAILABLE,1.274954903181520680682598215,decimal_ratio,,current_assets;current_liabilities,current_assets@0000950170-25-100235;current_liabilities@0000950170-25-100235,0be764f44b3a0ff1e3335c40e4b1959682da4542d063d696b345f6fb56f15604,calc-v1.0
MSFT,2024,quick_ratio,AVAILABLE,0.6005379691266382516801558035,decimal_ratio,,cash_and_equivalents;accounts_receivable;current_liabilities,cash_and_equivalents@0000950170-25-100235;accounts_receivable@0000950170-25-100235;current_liabilities@0000950170-25-100235,1f7fdc61bf17d00cccd1d1beacb2e98abc10bdd6e6f210b9796c0fdf3f5297f3,calc-v1.0
MSFT,2024,cash_ratio,AVAILABLE,0.1461855275130501412767587759,decimal_ratio,,cash_and_equivalents;current_liabilities,cash_and_equivalents@0000950170-25-100235;current_liabilities@0000950170-25-100235,f3b2fb27b7f07dd33e0a51f17e365e7a1dfc0209181b3a3d168a3920dea4b310,calc-v1.0
MSFT,2024,operating_cash_flow_margin,AVAILABLE,0.4836285604719282642928827278,decimal_ratio,,operating_cash_flow;revenue,operating_cash_flow@0001193125-26-323660;revenue@0001193125-26-323660,46876bbc6eed3b58e1695b5d564560163c84aff88a895190b17462fecc669f19,calc-v1.0
MSFT,2024,capex_ratio,AVAILABLE,0.3751813611364173161925970915,decimal_ratio,,capital_expenditures;operating_cash_flow,capital_expenditures@0001193125-26-323660;operating_cash_flow@0001193125-26-323660,48793453e7a6cb3cc0697dc7840fc290262171534204c25eda0c1e8df653e0da,calc-v1.0
MSFT,2024,free_cash_flow,AVAILABLE,74071000000.0,currency,,operating_cash_flow;capital_expenditures,operating_cash_flow@0001193125-26-323660;capital_expenditures@0001193125-26-323660,48793453e7a6cb3cc0697dc7840fc290262171534204c25eda0c1e8df653e0da,calc-v1.0
MSFT,2024,free_cash_flow_margin,AVAILABLE,0.3021801388696241055474416821,decimal_ratio,,free_cash_flow;revenue,operating_cash_flow@0001193125-26-323660;capital_expenditures@0001193125-26-323660;revenue@0001193125-26-323660,cea2df5e1120661a26f5ff853beb8176858e61f798fc3e42428952c2b238fd90,calc-v1.0
MSFT,2024,working_capital,AVAILABLE,34448000000.0,currency,,current_assets;current_liabilities,current_assets@0000950170-25-100235;current_liabilities@0000950170-25-100235,0be764f44b3a0ff1e3335c40e4b1959682da4542d063d696b345f6fb56f15604,calc-v1.0
MSFT,2024,working_capital_to_revenue,AVAILABLE,0.1405341013862484803485611247,decimal_ratio,,working_capital;revenue,current_assets@0000950170-25-100235;current_liabilities@0000950170-25-100235;revenue@0001193125-26-323660,d094be03e7fbdcf3fa14430d6962e4e05089b42f05caa23a7c0b231cc441168b,calc-v1.0
MSFT,2024,receivables_days,AVAILABLE,84.76293437553544765463728266,days,,accounts_receivable;revenue,accounts_receivable@0000950170-25-100235;revenue@0001193125-26-323660,51398b3b3994ec901e5bf8ba158921f059dd498a7a2ca45fd9c69aa928daaee6,calc-v1.0
MSFT,2024,payables_days,AVAILABLE,32.75324124313607101769730991,days,,accounts_payable;revenue,accounts_payable@0000950170-25-100235;revenue@0001193125-26-323660,6c18d9a82893d303af6d34240f06c4f5919aa16649f0a35d5dd6d97f54321787,calc-v1.0
MSFT,2024,inventory_intensity,AVAILABLE,0.002432819239187524284261065325,decimal_ratio,,inventory;total_assets,inventory@0000950170-25-100235;total_assets@0000950170-25-100235,333850aaa5155964c8360bc19c2e7759fea1d99f565588c2996f823cd732f6fc,calc-v1.0
MSFT,2024,inventory_days,AVAILABLE,1.855361819828493566468941996,days,,inventory;revenue,inventory@0000950170-25-100235;revenue@0001193125-26-323660,8c332ddac8ed1cc10894e33a31593e6524c3c90d0b5008db0e81518b2eea9463,calc-v1.0
MSFT,2025,gross_margin,AVAILABLE,0.6882374238616518294501000980,decimal_ratio,,gross_profit;revenue,gross_profit@0001193125-26-323660;revenue@0001193125-26-323660,d31c7ea5c5128a71b4ba653260410398d4f5390ccb49d2faa2eb8d5bba2a6ea0,calc-v1.0
MSFT,2025,operating_margin,AVAILABLE,0.4562195624085984864619272763,decimal_ratio,,operating_income;revenue,operating_income@0001193125-26-323660;revenue@0001193125-26-323660,2e845a70fd70e36ecaefc5c6d4666ffcdb5357ec5567f12e5b769378276cd109,calc-v1.0
MSFT,2025,net_margin,AVAILABLE,0.3614601524896707415768624611,decimal_ratio,,net_income;revenue,net_income@0001193125-26-323660;revenue@0001193125-26-323660,08e884fc7ab7e6a2ece2e94bab92a8d9467003417ac1a182920a6167b22bf494,calc-v1.0
MSFT,2025,ebitda,AVAILABLE,156528000000.0,currency,,operating_income;depreciation_amortization,operating_income@0001193125-26-323660;depreciation_amortization@0001193125-26-323660,4c8b6935c54071ad49b535560a078c08bbf603d7d71fea940ef8dd96f1a2627a,calc-v1.0
MSFT,2025,ebitda_margin,AVAILABLE,0.5556076159645610597606167739,decimal_ratio,,ebitda;revenue,operating_income@0001193125-26-323660;depreciation_amortization@0001193125-26-323660;revenue@0001193125-26-323660,faff5e2472c21502b29d330d2a970d8d96dd6e67207ded8a5c32d8932ad0e1de,calc-v1.0
MSFT,2025,return_on_assets,AVAILABLE,0.1645097035070912418841265713,decimal_ratio,,net_income;total_assets,net_income@0001193125-26-323660;total_assets@0001193125-26-323660,0d64f438ba515a5558702065fe312b92ef63b72653d89f2ebefe49f92e62ebc1,calc-v1.0
MSFT,2025,return_on_equity,AVAILABLE,0.2964722734140951848584629628,decimal_ratio,,net_income;shareholders_equity,net_income@0001193125-26-323660;shareholders_equity@0001193125-26-323660,851edbbca2fa5e31128a50071bc0a1f36edc7699de8da53b53ff25a07065203c,calc-v1.0
MSFT,2025,equity_ratio,AVAILABLE,0.5548906871210640336153459676,decimal_ratio,,shareholders_equity;total_assets,shareholders_equity@0001193125-26-323660;total_assets@0001193125-26-323660,4ea91f4f8887cc263d24566f187ee9f6d51bc71d4076f1c417ded869278676f5,calc-v1.0
MSFT,2025,debt_to_assets,AVAILABLE,0.06971048605580263746702358470,decimal_ratio,,short_term_debt;long_term_debt;total_assets,short_term_debt@0001193125-26-323660;long_term_debt@0001193125-26-323660;total_assets@0001193125-26-323660,448454af02495ade7a807060955747d3bc579540c0d5fc4b9d0d3dfa3f28f00f,calc-v1.0
MSFT,2025,debt_to_equity,AVAILABLE,0.1256292233295194174898610978,decimal_ratio,,short_term_debt;long_term_debt;shareholders_equity,short_term_debt@0001193125-26-323660;long_term_debt@0001193125-26-323660;shareholders_equity@0001193125-26-323660,dfa2300d557efa35a3fa2e1b05e4b646a2fd7ad36a5a222cc9d6bb49e0b6e875,calc-v1.0
MSFT,2025,net_debt,AVAILABLE,12909000000.0,currency,,short_term_debt;long_term_debt;cash_and_equivalents,short_term_debt@0001193125-26-323660;long_term_debt@0001193125-26-323660;cash_and_equivalents@0001193125-26-323660,33215a4f41dde3245de65510869b7c702e23f7e024f4dc7c74585b5c7b728087,calc-v1.0
MSFT,2025,net_debt_to_ebitda,AVAILABLE,0.08247086783195338853112542165,decimal_ratio,,net_debt;ebitda,short_term_debt@0001193125-26-323660;long_term_debt@0001193125-26-323660;cash_and_equivalents@0001193125-26-323660;operating_income@0001193125-26-323660;depreciation_amortization@0001193125-26-323660,55be0e6b37bba0c6e3437b35112f0bd83282ce47e17f0265c99b566e72c0e273,calc-v1.0
MSFT,2025,current_ratio,AVAILABLE,1.353446444504241668909062584,decimal_ratio,,current_assets;current_liabilities,current_assets@0001193125-26-323660;current_liabilities@0001193125-26-323660,368888f9824238361131764f1b1b9dc45461379f8bcf5fa040b33be1a74d1b7b,calc-v1.0
MSFT,2025,quick_ratio,AVAILABLE,0.7091659703437238878896457959,decimal_ratio,,cash_and_equivalents;accounts_receivable;current_liabilities,cash_and_equivalents@0001193125-26-323660;accounts_receivable@0001193125-26-323660;current_liabilities@0001193125-26-323660,f746df3a875ab75cb145b2038f6f4ef2cc804bc81f1bd024067112fae97f88c0,calc-v1.0
MSFT,2025,cash_ratio,AVAILABLE,0.2141511705306688949000835588,decimal_ratio,,cash_and_equivalents;current_liabilities,cash_and_equivalents@0001193125-26-323660;current_liabilities@0001193125-26-323660,55c4b0811d3c20131d4e29fad9a78386ba53b8e398440f277aaba587b7c9dbaf,calc-v1.0
MSFT,2025,operating_cash_flow_margin,AVAILABLE,0.4833170052959634251962914058,decimal_ratio,,operating_cash_flow;revenue,operating_cash_flow@0001193125-26-323660;revenue@0001193125-26-323660,7f6e7b062edea6fcf566255ce2588cd4ec6201a32953fc0cb5961045184aff27,calc-v1.0
MSFT,2025,capex_ratio,AVAILABLE,0.4740749988983710580044358925,decimal_ratio,,capital_expenditures;operating_cash_flow,capital_expenditures@0001193125-26-323660;operating_cash_flow@0001193125-26-323660,8e9f42e51369215f5d5013599141a33df38f0d3886e946cb782108dfdd5f840e,calc-v1.0
MSFT,2025,free_cash_flow,AVAILABLE,71611000000.0,currency,,operating_cash_flow;capital_expenditures,operating_cash_flow@0001193125-26-323660;capital_expenditures@0001193125-26-323660,8e9f42e51369215f5d5013599141a33df38f0d3886e946cb782108dfdd5f840e,calc-v1.0
MSFT,2025,free_cash_flow_margin,AVAILABLE,0.2541884965427155655890162003,decimal_ratio,,free_cash_flow;revenue,operating_cash_flow@0001193125-26-323660;capital_expenditures@0001193125-26-323660;revenue@0001193125-26-323660,bb5c5162d779ddade0db45f11ba5666c30fced8f6d51d79fc450e64a65e9461b,calc-v1.0
MSFT,2025,working_capital,AVAILABLE,49913000000.0,currency,,current_assets;current_liabilities,current_assets@0001193125-26-323660;current_liabilities@0001193125-26-323660,368888f9824238361131764f1b1b9dc45461379f8bcf5fa040b33be1a74d1b7b,calc-v1.0
MSFT,2025,working_capital_to_revenue,AVAILABLE,0.1771698541835271400377674604,decimal_ratio,,working_capital;revenue,current_assets@0001193125-26-323660;current_liabilities@0001193125-26-323660;revenue@0001193125-26-323660,4669db0de5a993393bf29a2ad35935d0306cf3256d49e5ea15c7fd6192922510,calc-v1.0
MSFT,2025,receivables_days,AVAILABLE,90.56851741420681234115659298,days,,accounts_receivable;revenue,accounts_receivable@0001193125-26-323660;revenue@0001193125-26-323660,407546a41f3cdc7fd9759e85bd12758aa493b9e5be153af80ff6eceaf524dd30,calc-v1.0
MSFT,2025,payables_days,AVAILABLE,35.91905552952535105280345302,days,,accounts_payable;revenue,accounts_payable@0001193125-26-323660;revenue@0001193125-26-323660,e930449f96274e8728e27ef91a3991bdfd4c94c60e0914d8792e0d22b24b0a9c,calc-v1.0
MSFT,2025,inventory_intensity,AVAILABLE,0.001515339990274683644505761685,decimal_ratio,,inventory;total_assets,inventory@0001193125-26-323660;total_assets@0001193125-26-323660,2b7b9f6cdb1246fc6d9dafe5197490288aec299c7d6070c81d59252f8748cdfd,calc-v1.0
MSFT,2025,inventory_days,AVAILABLE,1.215267424855532365009725831,days,,inventory;revenue,inventory@0001193125-26-323660;revenue@0001193125-26-323660,1703ccb073c637ccf0525b1d4974bebadd3967defabb6f95f18f48b64f87457c,calc-v1.0
MSFT,2026,gross_margin,AVAILABLE,0.6794409337058031153661866146,decimal_ratio,,gross_profit;revenue,gross_profit@0001193125-26-323660;revenue@0001193125-26-323660,3f163d52df2e305f988ddcf1a7b4004a571252996c7dc7cc424267ee3c7da626,calc-v1.0
MSFT,2026,operating_margin,AVAILABLE,0.4678081840892722073053498835,decimal_ratio,,operating_income;revenue,operating_income@0001193125-26-323660;revenue@0001193125-26-323660,80399fbf728b1f9442bd962f247caa9e1d4d93da1c1b02026c863fd38a6bd3a7,calc-v1.0
MSFT,2026,net_margin,AVAILABLE,0.4030538905915217921944075290,decimal_ratio,,net_income;revenue,net_income@0001193125-26-323660;revenue@0001193125-26-323660,f6818e4a376bae7f143049dad572fd060ce5eb89bc06ce00c22afe6dc3970bbf,calc-v1.0
MSFT,2026,ebitda,AVAILABLE,194237000000.0,currency,,operating_income;depreciation_amortization,operating_income@0001193125-26-323660;depreciation_amortization@0001193125-26-323660,3ef087dd36e0780dfd34204cb79284ddfa1e33ed3c5d71d6bc7edc825cc765e7,calc-v1.0
MSFT,2026,ebitda_margin,AVAILABLE,0.5853350570608035824601689373,decimal_ratio,,ebitda;revenue,operating_income@0001193125-26-323660;depreciation_amortization@0001193125-26-323660;revenue@0001193125-26-323660,c030a5a95877bd7584ab6b5a4db96818d66051c0276203d0aac52e4574bd6644,calc-v1.0
MSFT,2026,return_on_assets,AVAILABLE,0.1763623848855976454951106048,decimal_ratio,,net_income;total_assets,net_income@0001193125-26-323660;total_assets@0001193125-26-323660,d73b93c6e3575f92071b7139e4830e37f7f707d66667d1507f1a5821463b8462,calc-v1.0
MSFT,2026,return_on_equity,AVAILABLE,0.3023348335281100032324638834,decimal_ratio,,net_income;shareholders_equity,net_income@0001193125-26-323660;shareholders_equity@0001193125-26-323660,24c5abdc414592f58d36850528d88c54767b753e94149955451e3166127d0725,calc-v1.0
MSFT,2026,equity_ratio,AVAILABLE,0.5833346519404622509151133475,decimal_ratio,,shareholders_equity;total_assets,shareholders_equity@0001193125-26-323660;total_assets@0001193125-26-323660,f14c626d8242d3dcde6463ccbfdfe8935595ecfdce459e834d202de34499af1d,calc-v1.0
MSFT,2026,debt_to_assets,AVAILABLE,0.05313195565260504024388957456,decimal_ratio,,short_term_debt;long_term_debt;total_assets,short_term_debt@0001193125-26-323660;long_term_debt@0001193125-26-323660;total_assets@0001193125-26-323660,87fdb33bf7995fef98cb31371aa66300fa07d90ffd2b29ba2eaf955ba82153ad,calc-v1.0
MSFT,2026,debt_to_equity,AVAILABLE,0.09108314665666034490163589798,decimal_ratio,,short_term_debt;long_term_debt;shareholders_equity,short_term_debt@0001193125-26-323660;long_term_debt@0001193125-26-323660;shareholders_equity@0001193125-26-323660,ed4ef236e534a84ae4d015c68f2e5156222d385c562e9689745da21fb0c5d38e,calc-v1.0
MSFT,2026,net_debt,AVAILABLE,19359000000.0,currency,,short_term_debt;long_term_debt;cash_and_equivalents,short_term_debt@0001193125-26-323660;long_term_debt@0001193125-26-323660;cash_and_equivalents@0001193125-26-323660,dc821219f185b74ff363db1b1067af6c5350f09a37b30f8478426e72e49e1f80,calc-v1.0
MSFT,2026,net_debt_to_ebitda,AVAILABLE,0.09966690177463614038519952429,decimal_ratio,,net_debt;ebitda,short_term_debt@0001193125-26-323660;long_term_debt@0001193125-26-323660;cash_and_equivalents@0001193125-26-323660;operating_income@0001193125-26-323660;depreciation_amortization@0001193125-26-323660,166ff0e670bb0e1403a7135d3cae079e98c976ca9a351f54b5fec789861769da,calc-v1.0
MSFT,2026,current_ratio,AVAILABLE,1.230327261957648452539612024,decimal_ratio,,current_assets;current_liabilities,current_assets@0001193125-26-323660;current_liabilities@0001193125-26-323660,ab97e5abd54b48765ac0589955d2330248b50912fa3c9bedabfe234f42cd5f92,calc-v1.0
MSFT,2026,quick_ratio,AVAILABLE,0.6030564193691692581075077743,decimal_ratio,,cash_and_equivalents;accounts_receivable;current_liabilities,cash_and_equivalents@0001193125-26-323660;accounts_receivable@0001193125-26-323660;current_liabilities@0001193125-26-323660,43e599b0f80983f9275a8716c09e68322ea5f946d0743da178656e3026b887fb,calc-v1.0
MSFT,2026,cash_ratio,AVAILABLE,0.1240041463053457722493706501,decimal_ratio,,cash_and_equivalents;current_liabilities,cash_and_equivalents@0001193125-26-323660;current_liabilities@0001193125-26-323660,2f1874dc410bab60a0aee296c4a734aaa4b502f0e79ba4abd0f91a6ec190c8e7,calc-v1.0
MSFT,2026,operating_cash_flow_margin,AVAILABLE,0.5512763719755664644601749644,decimal_ratio,,operating_cash_flow;revenue,operating_cash_flow@0001193125-26-323660;revenue@0001193125-26-323660,02b635404dd55cb3e5db70e6099e908d0443b9cc7ee2d12ef58a18e4bd675b0a,calc-v1.0
MSFT,2026,capex_ratio,AVAILABLE,0.6338207560062317216497663104,decimal_ratio,,capital_expenditures;operating_cash_flow,capital_expenditures@0001193125-26-323660;operating_cash_flow@0001193125-26-323660,9550316dd62830e93f7c5e94312feeaf6ae5b517c8b10e1f6ad14a8412562cdb,calc-v1.0
MSFT,2026,free_cash_flow,AVAILABLE,66987000000.0,currency,,operating_cash_flow;capital_expenditures,operating_cash_flow@0001193125-26-323660;capital_expenditures@0001193125-26-323660,9550316dd62830e93f7c5e94312feeaf6ae5b517c8b10e1f6ad14a8412562cdb,calc-v1.0
MSFT,2026,free_cash_flow_margin,AVAILABLE,0.2018659651216403135255349733,decimal_ratio,,free_cash_flow;revenue,operating_cash_flow@0001193125-26-323660;capital_expenditures@0001193125-26-323660;revenue@0001193125-26-323660,0a25b2019884c78d53cebe31c1645816d4eaaebc9fcd89a97941f3c3a3603465,calc-v1.0
MSFT,2026,working_capital,AVAILABLE,38885000000.0,currency,,current_assets;current_liabilities,current_assets@0001193125-26-323660;current_liabilities@0001193125-26-323660,ab97e5abd54b48765ac0589955d2330248b50912fa3c9bedabfe234f42cd5f92,calc-v1.0
MSFT,2026,working_capital_to_revenue,AVAILABLE,0.1171803193717435262280804848,decimal_ratio,,working_capital;revenue,current_assets@0001193125-26-323660;current_liabilities@0001193125-26-323660;revenue@0001193125-26-323660,8022fff9076a072b37ab95c4cb88216a1753937976f75b5832844de4aa412385,calc-v1.0
MSFT,2026,receivables_days,AVAILABLE,88.95801879827265631827482605,days,,accounts_receivable;revenue,accounts_receivable@0001193125-26-323660;revenue@0001193125-26-323660,ff8ad8172a349dd39e9c83781159800cfd4d67db48b9605e628bd9ac429bf5ad,calc-v1.0
MSFT,2026,payables_days,AVAILABLE,46.65467289860444372120214924,days,,accounts_payable;revenue,accounts_payable@0001193125-26-323660;revenue@0001193125-26-323660,158e1332aba2d173129bcfc49788346ec4cfb7b6245ced21aea116a6be20d9ac,calc-v1.0
MSFT,2026,inventory_intensity,AVAILABLE,0.001842094159097861746679747249,decimal_ratio,,inventory;total_assets,inventory@0001193125-26-323660;total_assets@0001193125-26-323660,ab14c837de4d7afea019e8bb261f8e4288b6d14734b5dc58f72409749999992e,calc-v1.0
MSFT,2026,inventory_days,AVAILABLE,1.536603593911505278162000247,days,,inventory;revenue,inventory@0001193125-26-323660;revenue@0001193125-26-323660,533704247ac2b03482cf564c1438322f7f17c38426d691a36da3aecbfb6f1871,calc-v1.0
TSM,2023,gross_margin,AVAILABLE,0.5435958455237684457092305174,decimal_ratio,,gross_profit;revenue,gross_profit@0001193125-25-083423;revenue@0001193125-25-083423,633ec33cca624bbcf8ac08cda3cf1f985a7d65e8ad83ebba138f667e3ad4cdf9,calc-v1.0
TSM,2023,operating_margin,AVAILABLE,0.4262618956488577373793781830,decimal_ratio,,operating_income;revenue,operating_income@0001193125-25-083423;revenue@0001193125-25-083423,cb49f5f5f8e8ef711483ce8a8ab88c89c3f0609a5ca6d3b4d45edbebb3ddede7,calc-v1.0
TSM,2023,net_margin,AVAILABLE,0.3936779415874964924020779968,decimal_ratio,,net_income;revenue,net_income@0001193125-25-083423;revenue@0001193125-25-083423,9aab5b7932300f063de750ab20f48de34c624cfb6fa8e9feb42a4ddfa33f592a,calc-v1.0
TSM,2023,ebitda,AVAILABLE,1453656500000.0,currency,,operating_income;depreciation_amortization,operating_income@0001193125-25-083423;depreciation_amortization@0001193125-25-083423,236debfe955d533541f01cff4b84df1d901d987673b8480e3f101de76cd9f909,calc-v1.0
TSM,2023,ebitda_margin,AVAILABLE,0.6724487330968011909688501250,decimal_ratio,,ebitda;revenue,operating_income@0001193125-25-083423;depreciation_amortization@0001193125-25-083423;revenue@0001193125-25-083423,d8fb4de135dc6088198b3e882b3fd8163a9f8cb4ec2413fa15f05210b41c9f6b,calc-v1.0
TSM,2023,return_on_assets,AVAILABLE,0.1538317889859518007729515614,decimal_ratio,,net_income;total_assets,net_income@0001193125-25-083423;total_assets@0001193125-25-083423,46291e80e3ff8991ea6eaaf77d4154da51e9b158d60c0728f34507fe5f4eff10,calc-v1.0
TSM,2023,return_on_equity,AVAILABLE,0.2463985507256867050304347316,decimal_ratio,,net_income;shareholders_equity,net_income@0001193125-25-083423;shareholders_equity@0001193125-25-083423,1957ea6f780b7a12f1ad0f7fc6f1f9f157871bcb5305e70d4f28c85e5c65ccf3,calc-v1.0
TSM,2023,equity_ratio,AVAILABLE,0.6243209975581851158362665564,decimal_ratio,,shareholders_equity;total_assets,shareholders_equity@0001193125-25-083423;total_assets@0001193125-25-083423,988772fa3449b5cbefbe65b2d1fea41dcdf545aa77896487189fc2a68dc87b89,calc-v1.0
TSM,2023,debt_to_assets,AVAILABLE,0.002472128340485947299848309802,decimal_ratio,,short_term_debt;long_term_debt;total_assets,short_term_debt@0001193125-25-083423;long_term_debt@0001193125-25-083423;total_assets@0001193125-25-083423,e100606f6a30a093006202c779b5cf712d7e4a20360d4ef84b5159161fed963d,calc-v1.0
TSM,2023,debt_to_equity,AVAILABLE,0.003959707186134727558230753852,decimal_ratio,,short_term_debt;long_term_debt;shareholders_equity,short_term_debt@0001193125-25-083423;long_term_debt@0001193125-25-083423;shareholders_equity@0001193125-25-083423,1af166b4397890aeb59f670341de3a308e30dce061c437bbbee73db88114d815,calc-v1.0
TSM,2023,net_debt,AVAILABLE,-1451751500000.0,currency,,short_term_debt;long_term_debt;cash_and_equivalents,short_term_debt@0001193125-25-083423;long_term_debt@0001193125-25-083423;cash_and_equivalents@0001193125-25-083423,c9cde79a960ac4e4f6333c28e2cadd03bec033538f8e9b6c3407ba83d2d934a8,calc-v1.0
TSM,2023,net_debt_to_ebitda,AVAILABLE,-0.9986895115868157298508966871,decimal_ratio,,net_debt;ebitda,short_term_debt@0001193125-25-083423;long_term_debt@0001193125-25-083423;cash_and_equivalents@0001193125-25-083423;operating_income@0001193125-25-083423;depreciation_amortization@0001193125-25-083423,445fbe31a785b7c4b7b014a8999b076fc73134446ad8b8e5dceb3b9bfcf5305b,calc-v1.0
TSM,2023,current_ratio,AVAILABLE,2.327133041601068980216589834,decimal_ratio,,current_assets;current_liabilities,current_assets@0001193125-25-083423;current_liabilities@0001193125-25-083423,d56f257e43272a7a414738573d4155cbf503f1b05eeb7e659e527e9c57e28529,calc-v1.0
TSM,2023,quick_ratio,AVAILABLE,1.767853928664577652369508820,decimal_ratio,,cash_and_equivalents;accounts_receivable;current_liabilities,cash_and_equivalents@0001193125-25-083423;accounts_receivable@0001193125-25-083423;current_liabilities@0001193125-25-083423,1cf6c91784984bd350f32620c8fbe7385dd6d4b94ef1ea60f57d4f9f75e83ee6,calc-v1.0
TSM,2023,cash_ratio,AVAILABLE,1.554327400223015340073998327,decimal_ratio,,cash_and_equivalents;current_liabilities,cash_and_equivalents@0001193125-25-083423;current_liabilities@0001193125-25-083423,41f952d6119f245512a4c0fa4b77327f744a6a8b8c37d9842b4850866758daba,calc-v1.0
TSM,2023,operating_cash_flow_margin,AVAILABLE,0.5745231679097880508802231984,decimal_ratio,,operating_cash_flow;revenue,operating_cash_flow@0001193125-25-083423;revenue@0001193125-25-083423,a0dffda2f0621fdf43370eee036f1a93bae4288fe118c578e57f92ee461ff9b3,calc-v1.0
TSM,2023,capex_ratio,AVAILABLE,0.7647679612820724023893382700,decimal_ratio,,capital_expenditures;operating_cash_flow,capital_expenditures@0001193125-25-083423;operating_cash_flow@0001193125-25-083423,a451fa8abc75b28f2380fa5725b202fec098745b940bd56684c08e44359016a3,calc-v1.0
TSM,2023,free_cash_flow,AVAILABLE,292150500000.0,currency,,operating_cash_flow;capital_expenditures,operating_cash_flow@0001193125-25-083423;capital_expenditures@0001193125-25-083423,a451fa8abc75b28f2380fa5725b202fec098745b940bd56684c08e44359016a3,calc-v1.0
TSM,2023,free_cash_flow_margin,AVAILABLE,0.1351462560781016810657435566,decimal_ratio,,free_cash_flow;revenue,operating_cash_flow@0001193125-25-083423;capital_expenditures@0001193125-25-083423;revenue@0001193125-25-083423,0ade2d56350b1609324ac6c507efa8900743eca09bb76c31e705d61542c16366,calc-v1.0
TSM,2023,working_capital,AVAILABLE,1251227800000.0,currency,,current_assets;current_liabilities,current_assets@0001193125-25-083423;current_liabilities@0001193125-25-083423,d56f257e43272a7a414738573d4155cbf503f1b05eeb7e659e527e9c57e28529,calc-v1.0
TSM,2023,working_capital_to_revenue,AVAILABLE,0.5788069938981442598119529685,decimal_ratio,,working_capital;revenue,current_assets@0001193125-25-083423;current_liabilities@0001193125-25-083423;revenue@0001193125-25-083423,f4d458bd0f631886f3de9f756405e2fc2e8cd3b70721dcbbff86e397df631783,calc-v1.0
TSM,2023,receivables_days,AVAILABLE,33.99100551510503735007765519,days,,accounts_receivable;revenue,accounts_receivable@0001193125-25-083423;revenue@0001193125-25-083423,b3d35a67aca4fe14cff5c8cb45ebac955740cff597bbbf542df098d4f3bb36fa,calc-v1.0
TSM,2023,payables_days,AVAILABLE,9.673699024644917292853270969,days,,accounts_payable;revenue,accounts_payable@0001193125-25-083423;revenue@0001193125-25-083423,9968dd9529372129561562c695db8904e61a753709270f1320e0354282a27393,calc-v1.0
TSM,2023,inventory_intensity,AVAILABLE,0.04537024226507062312282972735,decimal_ratio,,inventory;total_assets,inventory@0001193125-25-083423;total_assets@0001193125-25-083423,e102845b3ed1a524aec73c32f08fdd9d8a939f9244ab757c63de7689e6e8795d,calc-v1.0
TSM,2023,inventory_days,AVAILABLE,42.37980492343236393642553359,days,,inventory;revenue,inventory@0001193125-25-083423;revenue@0001193125-25-083423,bf14b55908333ae0e84a998e2da8162754c5097997990757738d82ba768bca5e,calc-v1.0
TSM,2024,gross_margin,AVAILABLE,0.5612235354243779954702120994,decimal_ratio,,gross_profit;revenue,gross_profit@0001193125-25-083423;revenue@0001193125-25-083423,549124977c744f336fd463ed6d6721ab21f543b60dbcd1305ef8539fd75399c1,calc-v1.0
TSM,2024,operating_margin,AVAILABLE,0.4567769349471723410748622201,decimal_ratio,,operating_income;revenue,operating_income@0001193125-25-083423;revenue@0001193125-25-083423,2ba569a0bac4f5819cf41df19ef9c8d582a5d12abf764f3221f3fc66c7472c9c,calc-v1.0
TSM,2024,net_margin,AVAILABLE,0.3999311821614543609167746746,decimal_ratio,,net_income;revenue,net_income@0001193125-25-083423;revenue@0001193125-25-083423,ed9a8069e49d9c480894481aaf11b4286922af74d8e13ce218faad64d1652dc7,calc-v1.0
TSM,2024,ebitda,AVAILABLE,1984849600000.0,currency,,operating_income;depreciation_amortization,operating_income@0001193125-25-083423;depreciation_amortization@0001193125-25-083423,f33f9b23ef3a0f6c340bd05d0c8affe5d8311c72b479ef11265d7520359ca1f9,calc-v1.0
TSM,2024,ebitda_margin,AVAILABLE,0.6857769821778106038967453253,decimal_ratio,,ebitda;revenue,operating_income@0001193125-25-083423;depreciation_amortization@0001193125-25-083423;revenue@0001193125-25-083423,8b8196abb3ce4e15181c483c1945e484eb373620768274313ef59ba7b2a1da21,calc-v1.0
TSM,2024,return_on_assets,AVAILABLE,0.1729773762069069762718943181,decimal_ratio,,net_income;total_assets,net_income@0001193125-25-083423;total_assets@0001193125-25-083423,8f5f77dd494ee44cd0f6263c10c4489fcd9526fb50ef01494dc7557a7a9a250a,calc-v1.0
TSM,2024,return_on_equity,AVAILABLE,0.2704955441482143830272422998,decimal_ratio,,net_income;shareholders_equity,net_income@0001193125-25-083423;shareholders_equity@0001193125-25-083423,c697d6e877ce5b1d607705f31329906f5578710603f3a6cde3fc5a177b3102c2,calc-v1.0
TSM,2024,equity_ratio,AVAILABLE,0.6394832741205021748597944575,decimal_ratio,,shareholders_equity;total_assets,shareholders_equity@0001193125-25-083423;total_assets@0001193125-25-083423,f3e703e06b71718e64561e5a46362d1ad35e995f54ffe9d0f93c729dba7e2d32,calc-v1.0
TSM,2024,debt_to_assets,AVAILABLE,0.01370076565901966038943359739,decimal_ratio,,short_term_debt;long_term_debt;total_assets,short_term_debt@0001193125-25-083423;long_term_debt@0001193125-25-083423;total_assets@0001193125-25-083423,1532d0df728bd50b415f26fcc9a0eef03a70fd1fe3fd440b486859fcea64683e,calc-v1.0
TSM,2024,debt_to_equity,AVAILABLE,0.02142474434200437289374200974,decimal_ratio,,short_term_debt;long_term_debt;shareholders_equity,short_term_debt@0001193125-25-083423;long_term_debt@0001193125-25-083423;shareholders_equity@0001193125-25-083423,5a90fb6abf3787f56e44773e6b27c20cbc39ec31655ff1befc78c63f8c0185bb,calc-v1.0
TSM,2024,net_debt,AVAILABLE,-2035944700000.0,currency,,short_term_debt;long_term_debt;cash_and_equivalents,short_term_debt@0001193125-25-083423;long_term_debt@0001193125-25-083423;cash_and_equivalents@0001193125-25-083423,65d8d8c1c455dcea63270400f061e18ca2d371e95a4337e676a726663effaacf,calc-v1.0
TSM,2024,net_debt_to_ebitda,AVAILABLE,-1.025742555002656120645110844,decimal_ratio,,net_debt;ebitda,short_term_debt@0001193125-25-083423;long_term_debt@0001193125-25-083423;cash_and_equivalents@0001193125-25-083423;operating_income@0001193125-25-083423;depreciation_amortization@0001193125-25-083423,634d8452169b26f4a6ba866abfb729f632f811666de7494ca2dd959d988cdbd9,calc-v1.0
TSM,2024,current_ratio,AVAILABLE,2.359942059635386200451929342,decimal_ratio,,current_assets;current_liabilities,current_assets@0001193125-25-083423;current_liabilities@0001193125-25-083423,2a016c9924b3f9832c40cc149978772278b9a17f547ffa1bc3f93af519d10140,calc-v1.0
TSM,2024,quick_ratio,AVAILABLE,1.832651501437467251704592475,decimal_ratio,,cash_and_equivalents;accounts_receivable;current_liabilities,cash_and_equivalents@0001193125-25-083423;accounts_receivable@0001193125-25-083423;current_liabilities@0001193125-25-083423,285e84e38c76432ba6b7cefe85886f830879550bf92ed08f35be816ae136c79a,calc-v1.0
TSM,2024,cash_ratio,AVAILABLE,1.625810879697252730836272545,decimal_ratio,,cash_and_equivalents;current_liabilities,cash_and_equivalents@0001193125-25-083423;current_liabilities@0001193125-25-083423,443e4d51741a510b9acef50fd20c17a040e6e94824f76284b9d65b062e64de4a,calc-v1.0
TSM,2024,operating_cash_flow_margin,AVAILABLE,0.6309547184634170029675835779,decimal_ratio,,operating_cash_flow;revenue,operating_cash_flow@0001193125-25-083423;revenue@0001193125-25-083423,403192ab14ba087c3010e0a3f0ddeccae36d86d8b20ad8ee33ba123a18d91f86,calc-v1.0
TSM,2024,capex_ratio,AVAILABLE,0.5235015267686797737196463585,decimal_ratio,,capital_expenditures;operating_cash_flow,capital_expenditures@0001193125-25-083423;operating_cash_flow@0001193125-25-083423,6e7c82ca39dbceb0f1dd42136f651aca8a3af024b0d58c31654c64f074316e0b,calc-v1.0
TSM,2024,free_cash_flow,AVAILABLE,870170600000.0,currency,,operating_cash_flow;capital_expenditures,operating_cash_flow@0001193125-25-083423;capital_expenditures@0001193125-25-083423,6e7c82ca39dbceb0f1dd42136f651aca8a3af024b0d58c31654c64f074316e0b,calc-v1.0
TSM,2024,free_cash_flow_margin,AVAILABLE,0.3006489600259156965239044902,decimal_ratio,,free_cash_flow;revenue,operating_cash_flow@0001193125-25-083423;capital_expenditures@0001193125-25-083423;revenue@0001193125-25-083423,0d8d6dc51245dc3d720b419f9dffedd73b5dad14ce3866f22e8138e14ee3bcbb,calc-v1.0
TSM,2024,working_capital,AVAILABLE,1779696200000.0,currency,,current_assets;current_liabilities,current_assets@0001193125-25-083423;current_liabilities@0001193125-25-083423,2a016c9924b3f9832c40cc149978772278b9a17f547ffa1bc3f93af519d10140,calc-v1.0
TSM,2024,working_capital_to_revenue,AVAILABLE,0.6148952994873350888020648254,decimal_ratio,,working_capital;revenue,current_assets@0001193125-25-083423;current_liabilities@0001193125-25-083423;revenue@0001193125-25-083423,b09b700660fbc570281969c104f7bf0aff2ce2a0db91decbfa964e33b536c8be,calc-v1.0
TSM,2024,receivables_days,AVAILABLE,34.13575135774264774958101379,days,,accounts_receivable;revenue,accounts_receivable@0001193125-25-083423;revenue@0001193125-25-083423,1fa7c1d5a3b25b1a341af7ae1fd65a13509cb134c1a1a630f64aba9f494355a0,calc-v1.0
TSM,2024,payables_days,AVAILABLE,9.360687186092895375291300230,days,,accounts_payable;revenue,accounts_payable@0001193125-25-083423;revenue@0001193125-25-083423,fd0c66f97bc69f69ca276a6721f2b4b809e41f285ff6cb5b3b08377fcd8b0dd3,calc-v1.0
TSM,2024,inventory_intensity,AVAILABLE,0.04301836853289237740233155538,decimal_ratio,,inventory;total_assets,inventory@0001193125-25-083423;total_assets@0001193125-25-083423,b4b381e24d71d9f201c343a7d694579fb3c2af6e46b96aab575c579838e38516,calc-v1.0
TSM,2024,inventory_days,AVAILABLE,36.30302058070743480383927390,days,,inventory;revenue,inventory@0001193125-25-083423;revenue@0001193125-25-083423,383a5159e40704cf9271f21dc25c46c4129d2dd38b4098a6afab1ac9f73a5b65,calc-v1.0
TSM,2025,gross_margin,AVAILABLE,0.5989134888415741408569575918,decimal_ratio,,gross_profit;revenue,gross_profit@0001628280-26-025362;revenue@0001628280-26-025362,abc1bf46aaab1e87e9076a4fcc337b02da64dbbe59dd6e95935f227d1505bfd7,calc-v1.0
TSM,2025,operating_margin,AVAILABLE,0.5082867156816325774090434993,decimal_ratio,,operating_income;revenue,operating_income@0001628280-26-025362;revenue@0001628280-26-025362,6663c273cb1bfbdfcf82e13b3c773b4eb6296f0db18c39e5138498d433678af7,calc-v1.0
TSM,2025,net_margin,AVAILABLE,0.4450251339289124862305060865,decimal_ratio,,net_income;revenue,net_income@0001628280-26-025362;revenue@0001628280-26-025362,9be604ed6b14f24c7e1ded9af92c208ac7a84813bec0ea02c92451ee76d6b3dd,calc-v1.0
TSM,2025,ebitda,AVAILABLE,2615775700000,currency,,operating_income;depreciation_amortization,operating_income@0001628280-26-025362;depreciation_amortization@0001628280-26-025362,8ef5334cfab3d05822c82570e03d9f31f4f868739a8d9ad426ee4c604d40c343,calc-v1.0
TSM,2025,ebitda_margin,AVAILABLE,0.6867257576244056169007619555,decimal_ratio,,ebitda;revenue,operating_income@0001628280-26-025362;depreciation_amortization@0001628280-26-025362;revenue@0001628280-26-025362,6e0713d8b0d28ea3e9dbe224d75289cb269b411014a61600adbd5ab16190df4b,calc-v1.0
TSM,2025,return_on_assets,AVAILABLE,0.2136844264839494796474277663,decimal_ratio,,net_income;total_assets,net_income@0001628280-26-025362;total_assets@0001628280-26-025362,36610fe6fcb03c8ab99262c24203f0e3c85de297d2c05e6c3953cb22f89d952e,calc-v1.0
TSM,2025,return_on_equity,AVAILABLE,0.3141319574267850349741166927,decimal_ratio,,net_income;shareholders_equity,net_income@0001628280-26-025362;shareholders_equity@0001628280-26-025362,dd80a6173258fe1776ed66ae1f5633872fae02580e5c93af1fe0b9895a81ec83,calc-v1.0
TSM,2025,equity_ratio,AVAILABLE,0.6802377836191755981541294939,decimal_ratio,,shareholders_equity;total_assets,shareholders_equity@0001628280-26-025362;total_assets@0001628280-26-025362,e7177e4853636f49c43238f16aa5894892d74caafbb3f79d6f5a8e9afc2bb727,calc-v1.0
TSM,2025,debt_to_assets,AVAILABLE,0.02228207606542043410038709328,decimal_ratio,,short_term_debt;long_term_debt;total_assets,short_term_debt@0001628280-26-025362;long_term_debt@0001628280-26-025362;total_assets@0001628280-26-025362,eb5c65c084a9ccbd1c028fcdb824aaff931aff22c426624c5014d308be976e50,calc-v1.0
TSM,2025,debt_to_equity,AVAILABLE,0.03275630463640172363643048451,decimal_ratio,,short_term_debt;long_term_debt;shareholders_equity,short_term_debt@0001628280-26-025362;long_term_debt@0001628280-26-025362;shareholders_equity@0001628280-26-025362,036c49fc8dd9010697e04b2b9edc33864a91977b31a247d1ed95a48e6b88d718,calc-v1.0
TSM,2025,net_debt,AVAILABLE,-2591096200000,currency,,short_term_debt;long_term_debt;cash_and_equivalents,short_term_debt@0001628280-26-025362;long_term_debt@0001628280-26-025362;cash_and_equivalents@0001628280-26-025362,b6c7f7da7735bbd7f8ff5bf043a5a49f7bf3a19e8639d846060b78b09b5be3b0,calc-v1.0
TSM,2025,net_debt_to_ebitda,AVAILABLE,-0.9905651314063357955347624034,decimal_ratio,,net_debt;ebitda,short_term_debt@0001628280-26-025362;long_term_debt@0001628280-26-025362;cash_and_equivalents@0001628280-26-025362;operating_income@0001628280-26-025362;depreciation_amortization@0001628280-26-025362,378740fae3356fc98a32f09f1adfd7ae39c0331eb9feba049582c607418867ee,calc-v1.0
TSM,2025,current_ratio,AVAILABLE,2.507288293460254569387827490,decimal_ratio,,current_assets;current_liabilities,current_assets@0001628280-26-025362;current_liabilities@0001628280-26-025362,33de64ae425b815e308011bb25e4af9b0d56bb4dd3b991059c067f61c9d59e12,calc-v1.0
TSM,2025,quick_ratio,AVAILABLE,2.001366251229954532735510840,decimal_ratio,,cash_and_equivalents;accounts_receivable;current_liabilities,cash_and_equivalents@0001628280-26-025362;accounts_receivable@0001628280-26-025362;current_liabilities@0001628280-26-025362,77749a013edd4efd2777a4728a7c61acc5704c2c8fdd2e4fa2b49f69e62f85f2,calc-v1.0
TSM,2025,cash_ratio,AVAILABLE,1.818070774441117856246723953,decimal_ratio,,cash_and_equivalents;current_liabilities,cash_and_equivalents@0001628280-26-025362;current_liabilities@0001628280-26-025362,139996ed04e803aeca1198a9285d8a307fc090f29c7fd722bb652cdf5080fbdd,calc-v1.0
TSM,2025,operating_cash_flow_margin,AVAILABLE,0.5972547044026124804784221637,decimal_ratio,,operating_cash_flow;revenue,operating_cash_flow@0001628280-26-025362;revenue@0001628280-26-025362,c511e864da9a46a16f2ffc8ca2ebb068d741b08b4f872c863f30e6c9ed0e5102,calc-v1.0
TSM,2025,capex_ratio,AVAILABLE,0.5593073174059537166024989455,decimal_ratio,,capital_expenditures;operating_cash_flow,capital_expenditures@0001628280-26-025362;operating_cash_flow@0001628280-26-025362,3464c626b3ad9549c15a4e60c44d465a76e1caaaff2179a6541fc07438b76a37,calc-v1.0
TSM,2025,free_cash_flow,AVAILABLE,1002565100000,currency,,operating_cash_flow;capital_expenditures,operating_cash_flow@0001628280-26-025362;capital_expenditures@0001628280-26-025362,3464c626b3ad9549c15a4e60c44d465a76e1caaaff2179a6541fc07438b76a37,calc-v1.0
TSM,2025,free_cash_flow_margin,AVAILABLE,0.2632057778751014392207535608,decimal_ratio,,free_cash_flow;revenue,operating_cash_flow@0001628280-26-025362;capital_expenditures@0001628280-26-025362;revenue@0001628280-26-025362,ccd912528cd59880d3b356b3cf97324c6a29adbc99cc982224874d66de59914c,calc-v1.0
TSM,2025,working_capital,AVAILABLE,2294716800000,currency,,current_assets;current_liabilities,current_assets@0001628280-26-025362;current_liabilities@0001628280-26-025362,33de64ae425b815e308011bb25e4af9b0d56bb4dd3b991059c067f61c9d59e12,calc-v1.0
TSM,2025,working_capital_to_revenue,AVAILABLE,0.6024374081514143812546857103,decimal_ratio,,working_capital;revenue,current_assets@0001628280-26-025362;current_liabilities@0001628280-26-025362;revenue@0001628280-26-025362,4bd907db1d9ed6f66a90e8b00afc55951265f4278ae6d63eed19f27246a10abb,calc-v1.0
TSM,2025,receivables_days,AVAILABLE,26.73992702073057871608708755,days,,accounts_receivable;revenue,accounts_receivable@0001628280-26-025362;revenue@0001628280-26-025362,24ea4ea1e50b463df643f0e4cdd3b8ff7a562727f64d3f20a3b0e900c31b4c3a,calc-v1.0
TSM,2025,payables_days,AVAILABLE,7.910450108311661506111897643,days,,accounts_payable;revenue,accounts_payable@0001628280-26-025362;revenue@0001628280-26-025362,67d3c9741a0bb59fb4a967e29a7f1423723dad6289a11a3c8d2d3278cbf22be9,calc-v1.0
TSM,2025,inventory_intensity,AVAILABLE,0.03631857055021576439970918369,decimal_ratio,,inventory;total_assets,inventory@0001628280-26-025362;total_assets@0001628280-26-025362,a54bb2acb19eaed3c30867d0489daf2521cefdd63c60a5f610d1f20e695ff6ce,calc-v1.0
TSM,2025,inventory_days,AVAILABLE,27.60789403816060065092797443,days,,inventory;revenue,inventory@0001628280-26-025362;revenue@0001628280-26-025362,8ff0fecf62fb5767af999e2b645bc451981b5726f67fc35fc0762db4b6dc061f,calc-v1.0
